[
  {
    "doc_id": "content/VLSP2020_RE_train/23351113",
    "sent_id": 1,
    "sentence": "Hội chứng nhiễm virut gây suy giảm miễn dịch ở người (viết tắt HIV/AIDS); tiếng Anh: human immunodeficiency virus infection / acquired immunodeficiency syndrome; hoặc SIDA theo tiếng Pháp Syndrome d'immunodéficience acquise), còn gọi là bệnh liệt kháng (tê liệt khả năng đề kháng), là một dạng bệnh tấn công vào hệ miễn dịch, gây ra do bị nhiễm virus gây suy giảm miễn dịch ở người(HIV).",
    "spos": [
      1,
      445
    ],
    "entity_1": {
      "text": "hệ miễn dịch",
      "pos": [
        313,
        324
      ]
    },
    "entity_2": {
      "text": "Hội chứng nhiễm virut gây suy giảm miễn dịch ở người (viết tắt HIV/AIDS)",
      "pos": [
        0,
        72
      ]
    },
    "label": "LOCATION_OF"
  },
  {
    "doc_id": "content/VLSP2020_RE_train/23351113",
    "sent_id": 3,
    "sentence": "Hầu hết những người nhiễm HIV - 1 nếu không được chữa trị sẽ tiến triển sang giai đoạn AIDS.",
    "spos": [
      1940,
      2033
    ],
    "entity_1": {
      "text": "nhiễm HIV - 1",
      "pos": [
        21,
        33
      ]
    },
    "entity_2": {
      "text": "AIDS",
      "pos": [
        88,
        91
      ]
    },
    "label": "CAUSE"
  },
  {
    "doc_id": "content/VLSP2020_RE_train/23351113",
    "sent_id": 4,
    "sentence": "Các nghiên cứu năm 1999 về việc sử dụng bao cao su cho thấy rằng nếu sử dụng bao cao su đúng cách sẽ làm giảm nguy cơ lây truyền qua đường tình dục của HIV khoảng 85 %.",
    "spos": [
      11973,
      12143
    ],
    "entity_1": {
      "text": "bao cao su",
      "pos": [
        41,
        50
      ]
    },
    "entity_2": {
      "text": "HIV",
      "pos": [
        153,
        155
      ]
    },
    "label": "PREVENT"
  },
  {
    "doc_id": "content/VLSP2020_RE_train/23351113",
    "sent_id": 5,
    "sentence": "Từ kết quả này, WHO và Ban Thư ký UNAIDS đã triệu tập một nhóm chuyên gia để khuyến cáo rằng nam giới cắt bao quy đầu được công nhận như là một sự can thiệp bổ sung quan trọng để giảm nguy cơ lây nhiễm HIV trong quan hệ tình dục dị tính luyến ái đối với nam giới.",
    "spos": [
      12604,
      12876
    ],
    "entity_1": {
      "text": "bao cao su",
      "pos": [
        103,
        117
      ]
    },
    "entity_2": {
      "text": "nhiễm HIV",
      "pos": [
        197,
        205
      ]
    },
    "label": "PREVENT"
  },
  {
    "doc_id": "content/VLSP2020_RE_train/23351113",
    "sent_id": 6,
    "sentence": "Phòng chống lây nhiễm HIV, chủ yếu thông qua các chương trình trao đổi kim tiêm và tình dục an toàn, là một chiến dịch quan trọng để kiểm soát sự lây lan của căn bệnh này.",
    "spos": [
      20993,
      21181
    ],
    "entity_1": {
      "text": "tình dục an toàn",
      "pos": [
        84,
        99
      ]
    },
    "entity_2": {
      "text": "nhiễm HIV",
      "pos": [
        17,
        25
      ]
    },
    "label": "PREVENT"
  },
  {
    "doc_id": "content/VLSP2020_RE_train/23351113",
    "sent_id": 7,
    "sentence": "Liệu pháp gen được đề nghị là biện pháp khả thi để ngăn ngừa hoặc điều trị nhiễm HIV.",
    "spos": [
      21291,
      21377
    ],
    "entity_1": {
      "text": "Liệu pháp gen",
      "pos": [
        1,
        13
      ]
    },
    "entity_2": {
      "text": "nhiễm HIV",
      "pos": [
        76,
        84
      ]
    },
    "label": "TREAT"
  },
  {
    "doc_id": "content/VLSP2020_RE_train/23351113",
    "sent_id": 8,
    "sentence": "Điều trị bằng thuốc kháng retrovirus có thể làm giảm cả hai tỉ lệ tử vong và bệnh tật ở người nhiễm HIV.",
    "spos": [
      23305,
      23410
    ],
    "entity_1": {
      "text": "Điều trị bằng thuốc kháng retrovirus",
      "pos": [
        1,
        36
      ]
    },
    "entity_2": {
      "text": "thuốc kháng retrovirus",
      "pos": [
        15,
        36
      ]
    },
    "label": "USE"
  },
  {
    "doc_id": "content/VLSP2020_RE_train/23351114",
    "sent_id": 9,
    "sentence": "Chàm (eczema) là tình trạng viêm da sẩn mụn nước do phản ứng với các tác nhân nội và ngoại sinh.",
    "spos": [
      0,
      117
    ],
    "entity_1": {
      "text": "Chàm (eczema)",
      "pos": [
        1,
        13
      ]
    },
    "entity_2": {
      "text": "viêm da sẩn mụn nước",
      "pos": [
        29,
        48
      ]
    },
    "label": "CAUSE"
  },
  {
    "doc_id": "content/VLSP2020_RE_train/23351114",
    "sent_id": 10,
    "sentence": "Bệnh Eczema, lấy từ gốc tiếng Hy Lạp: Eczeo – chỉ những tổn thương là mụn nước, bệnh được biết từ thế kỷ thứ 2 trước công nguyên với sự hiểu biết là do rối loạn một số yếu tố ở ngay trong cơ thể.",
    "spos": [
      119,
      314
    ],
    "entity_1": {
      "text": "Bệnh Eczema",
      "pos": [
        1,
        11
      ]
    },
    "entity_2": {
      "text": "mụn nước",
      "pos": [
        71,
        78
      ]
    },
    "label": "CAUSE"
  },
  {
    "doc_id": "content/VLSP2020_RE_train/23351114",
    "sent_id": 11,
    "sentence": "Dân gian thường gọi là chàm tổ đỉa, vì tổn thương tái diễn lâu ngày da sần sủi kèm theo các lỗ hút sâu rỉ nước vàng như mồm con đỉa.",
    "spos": [
      315,
      447
    ],
    "entity_1": {
      "text": "da",
      "pos": [
        69,
        70
      ]
    },
    "entity_2": {
      "text": "da sần sủi kèm theo các lỗ hút sâu rỉ nước vàng như mồm con đỉa",
      "pos": [
        69,
        131
      ]
    },
    "label": "LOCATION_OF"
  },
  {
    "doc_id": "content/VLSP2020_RE_train/23351114",
    "sent_id": 12,
    "sentence": "Eczema là một trạng thái viêm lớp nông của da cấp tính hay mạn tính, tiến triển từng đợt hay tái phát, lâm sàng biểu hiện bằng đám mảng đỏ da, mụn nước và ngứa.",
    "spos": [
      449,
      609
    ],
    "entity_1": {
      "text": "Eczema",
      "pos": [
        0,
        5
      ]
    },
    "entity_2": {
      "text": "viêm lớp nông của da cấp tính hay mạn tính",
      "pos": [
        25,
        66
      ]
    },
    "label": "CAUSE"
  },
  {
    "doc_id": "content/VLSP2020_RE_train/23351114",
    "sent_id": 13,
    "sentence": "Eczema là bệnh ngoài da phổ biến, là bệnh da ngứa điển hình, mạn tính hay tái phát, điều trị còn khó khăn.",
    "spos": [
      764,
      869
    ],
    "entity_1": {
      "text": "da",
      "pos": [
        21,
        22
      ]
    },
    "entity_2": {
      "text": "Eczema",
      "pos": [
        0,
        5
      ]
    },
    "label": "LOCATION_OF"
  },
  {
    "doc_id": "content/VLSP2020_RE_train/23351114",
    "sent_id": 14,
    "sentence": "Một số bệnh ngoài da gây ngứa (nấm, ghẻ...) do chà xát, bôi thuốc linh tinh... có thể trở thành eczema thứ phát.",
    "spos": [
      5012,
      5124
    ],
    "entity_1": {
      "text": "nấm",
      "pos": [
        31,
        33
      ]
    },
    "entity_2": {
      "text": "eczema thứ phát",
      "pos": [
        96,
        110
      ]
    },
    "label": "CAUSE"
  },
  {
    "doc_id": "content/VLSP2020_RE_train/23351115",
    "sent_id": 15,
    "sentence": "Ung thư (Tiếng Anh: cancer) là một nhóm các bệnh liên quan đến việc tăng sinh tế bào một cách mất kiểm soát và những tế bào đó có khả năng xâm lấn những mô khác bằng cách phát triển trực tiếp vào mô lân cận hoặc di chuyển đến những bộ phận khác trong cơ thể (di căn).",
    "spos": [
      0,
      284
    ],
    "entity_1": {
      "text": "tế bào",
      "pos": [
        78,
        83
      ]
    },
    "entity_2": {
      "text": "tăng sinh tế bào một cách mất kiểm soát",
      "pos": [
        68,
        106
      ]
    },
    "label": "LOCATION_OF"
  },
  {
    "doc_id": "content/VLSP2020_RE_train/23351115",
    "sent_id": 16,
    "sentence": "Ở các nước đang phát triển, gần 20% bệnh ung thư là do phơi nhiễm với các vi khuẩn hoặc virus như Helicobacter pylori, viêm gan B, viêm gan C, virus Epstein–Barr, nhiễm virus papilloma ở người và HIV.",
    "spos": [
      1056,
      1256
    ],
    "entity_1": {
      "text": "Helicobacter pylori",
      "pos": [
        98,
        116
      ]
    },
    "entity_2": {
      "text": "ung thư",
      "pos": [
        41,
        47
      ]
    },
    "label": "CAUSE"
  },
  {
    "doc_id": "content/VLSP2020_RE_train/23351115",
    "sent_id": 17,
    "sentence": "Nhiều loại ung thư có thể được phòng ngừa bằng cách không hút thuốc, duy trì cân nặng khỏe mạnh, không uống quá nhiều rượu, ăn nhiều rau, trái cây và ngũ cốc nguyên hạt, tiêm phòng các bệnh truyền nhiễm nhất định, không ăn quá nhiều thịt chế biến và thịt đỏ cũng như tránh phơi nắng quá nhiều.",
    "spos": [
      1772,
      2060
    ],
    "entity_1": {
      "text": "duy trì cân nặng khỏe mạnh",
      "pos": [
        69,
        94
      ]
    },
    "entity_2": {
      "text": "ung thư",
      "pos": [
        11,
        17
      ]
    },
    "label": "PREVENT"
  },
  {
    "doc_id": "content/VLSP2020_RE_train/23351115",
    "sent_id": 18,
    "sentence": "Nhiều loại ung thư có thể được phòng ngừa bằng cách không hút thuốc, duy trì cân nặng khỏe mạnh, không uống quá nhiều rượu, ăn nhiều rau, trái cây và ngũ cốc nguyên hạt, tiêm phòng các bệnh truyền nhiễm nhất định, không ăn quá nhiều thịt chế biến và thịt đỏ cũng như tránh phơi nắng quá nhiều.",
    "spos": [
      1772,
      2060
    ],
    "entity_1": {
      "text": "duy trì cân nặng khỏe mạnh",
      "pos": [
        69,
        94
      ]
    },
    "entity_2": {
      "text": "ung thư",
      "pos": [
        11,
        17
      ]
    },
    "label": "PREVENT"
  },
  {
    "doc_id": "content/VLSP2020_RE_train/23351115",
    "sent_id": 19,
    "sentence": "Phát hiện ung thư sớm rất có ích, nhất là với ung thư cổ tử cung hay ung thư đại tràng.",
    "spos": [
      2061,
      2148
    ],
    "entity_1": {
      "text": "cổ tử cung",
      "pos": [
        54,
        63
      ]
    },
    "entity_2": {
      "text": "ung thư cổ tử cung",
      "pos": [
        46,
        63
      ]
    },
    "label": "LOCATION_OF"
  },
  {
    "doc_id": "content/VLSP2020_RE_train/23351115",
    "sent_id": 20,
    "sentence": "Phát hiện ung thư sớm rất có ích, nhất là với ung thư cổ tử cung hay ung thư đại tràng.",
    "spos": [
      2061,
      2148
    ],
    "entity_1": {
      "text": "đại tràng",
      "pos": [
        77,
        85
      ]
    },
    "entity_2": {
      "text": "ung thư đại tràng",
      "pos": [
        69,
        85
      ]
    },
    "label": "LOCATION_OF"
  },
  {
    "doc_id": "content/VLSP2020_RE_train/23351115",
    "sent_id": 21,
    "sentence": "Ung thư thường được điều trị sự kết hợp của các phương pháp khác nhau như xạ trị, phẫu thuật, hóa trị và điều trị đích",
    "spos": [
      2149,
      2268
    ],
    "entity_1": {
      "text": "xạ trị",
      "pos": [
        74,
        79
      ]
    },
    "entity_2": {
      "text": "Ung thư",
      "pos": [
        0,
        6
      ]
    },
    "label": "PREVENT"
  },
  {
    "doc_id": "content/VLSP2020_RE_train/23351115",
    "sent_id": 22,
    "sentence": "Ung thư thường được điều trị sự kết hợp của các phương pháp khác nhau như xạ trị, phẫu thuật, hóa trị và điều trị đích",
    "spos": [
      2149,
      2268
    ],
    "entity_1": {
      "text": "phẫu thuật",
      "pos": [
        82,
        91
      ]
    },
    "entity_2": {
      "text": "Ung thư",
      "pos": [
        0,
        6
      ]
    },
    "label": "PREVENT"
  },
  {
    "doc_id": "content/VLSP2020_RE_train/23351115",
    "sent_id": 23,
    "sentence": "Ung thư thường được điều trị sự kết hợp của các phương pháp khác nhau như xạ trị, phẫu thuật, hóa trị và điều trị đích",
    "spos": [
      2149,
      2268
    ],
    "entity_1": {
      "text": "hóa trị",
      "pos": [
        94,
        100
      ]
    },
    "entity_2": {
      "text": "Ung thư",
      "pos": [
        0,
        6
      ]
    },
    "label": "PREVENT"
  },
  {
    "doc_id": "content/VLSP2020_RE_train/23351115",
    "sent_id": 24,
    "sentence": "Ung thư thường được điều trị sự kết hợp của các phương pháp khác nhau như xạ trị, phẫu thuật, hóa trị và điều trị đích",
    "spos": [
      2149,
      2268
    ],
    "entity_1": {
      "text": "điều trị đích",
      "pos": [
        105,
        117
      ]
    },
    "entity_2": {
      "text": "Ung thư",
      "pos": [
        0,
        6
      ]
    },
    "label": "PREVENT"
  },
  {
    "doc_id": "content/VLSP2020_RE_train/23351115",
    "sent_id": 25,
    "sentence": "Phát hiện ung thư sớm rất có ích, nhất là với ung thư cổ tử cung hay ung thư đại tràng.",
    "spos": [
      2061,
      2148
    ],
    "entity_1": {
      "text": "cổ tử cung",
      "pos": [
        54,
        63
      ]
    },
    "entity_2": {
      "text": "ung thư cổ tử cung",
      "pos": [
        46,
        63
      ]
    },
    "label": "LOCATION_OF"
  },
  {
    "doc_id": "content/VLSP2020_RE_train/23351115",
    "sent_id": 26,
    "sentence": "Phát hiện ung thư sớm rất có ích, nhất là với ung thư cổ tử cung hay ung thư đại tràng.",
    "spos": [
      2061,
      2148
    ],
    "entity_1": {
      "text": "đại tràng",
      "pos": [
        77,
        85
      ]
    },
    "entity_2": {
      "text": "ung thư đại tràng",
      "pos": [
        69,
        85
      ]
    },
    "label": "LOCATION_OF"
  },
  {
    "doc_id": "content/VLSP2020_RE_train/23351115",
    "sent_id": 27,
    "sentence": "Chăm sóc giảm nhẹ là thiết yếu đối với những người có ung thư ở các giai đoạn muộn.",
    "spos": [
      2353,
      2436
    ],
    "entity_1": {
      "text": "Chăm sóc giảm nhẹ",
      "pos": [
        0,
        16
      ]
    },
    "entity_2": {
      "text": "ung thư",
      "pos": [
        54,
        60
      ]
    },
    "label": "TREAT"
  },
  {
    "doc_id": "content/VLSP2020_RE_train/23351115",
    "sent_id": 28,
    "sentence": "Các loại ung thư phổ biến nhất ở nam giới là ung thư phổi, ung thư tuyến tiền liệt, ung thư đại trực tràng và ung thư dạ dày.",
    "spos": [
      2930,
      3055
    ],
    "entity_1": {
      "text": "phổi",
      "pos": [
        53,
        56
      ]
    },
    "entity_2": {
      "text": "ung thư phổi",
      "pos": [
        45,
        56
      ]
    },
    "label": "LOCATION_OF"
  },
  {
    "doc_id": "content/VLSP2020_RE_train/23351115",
    "sent_id": 29,
    "sentence": "Các loại ung thư phổ biến nhất ở nam giới là ung thư phổi, ung thư tuyến tiền liệt, ung thư đại trực tràng và ung thư dạ dày.",
    "spos": [
      2930,
      3055
    ],
    "entity_1": {
      "text": "tuyến tiền liệt",
      "pos": [
        67,
        81
      ]
    },
    "entity_2": {
      "text": "ung thư tuyến tiền liệt",
      "pos": [
        59,
        81
      ]
    },
    "label": "LOCATION_OF"
  },
  {
    "doc_id": "content/VLSP2020_RE_train/23351115",
    "sent_id": 30,
    "sentence": "Các loại ung thư phổ biến nhất ở nam giới là ung thư phổi, ung thư tuyến tiền liệt, ung thư đại trực tràng và ung thư dạ dày.",
    "spos": [
      2930,
      3055
    ],
    "entity_1": {
      "text": "đại trực tràng",
      "pos": [
        92,
        105
      ]
    },
    "entity_2": {
      "text": "ung thư đại trực tràng",
      "pos": [
        84,
        105
      ]
    },
    "label": "LOCATION_OF"
  },
  {
    "doc_id": "content/VLSP2020_RE_train/23351115",
    "sent_id": 31,
    "sentence": "Các loại ung thư phổ biến nhất ở nam giới là ung thư phổi, ung thư tuyến tiền liệt, ung thư đại trực tràng và ung thư dạ dày.",
    "spos": [
      2930,
      3055
    ],
    "entity_1": {
      "text": "dạ dày",
      "pos": [
        118,
        123
      ]
    },
    "entity_2": {
      "text": "ung thư dạ dày",
      "pos": [
        110,
        123
      ]
    },
    "label": "LOCATION_OF"
  },
  {
    "doc_id": "content/VLSP2020_RE_train/23351115",
    "sent_id": 32,
    "sentence": "Ở nữ giới, các loại phổ biến nhất là ung thư vú, ung thư đại trực tràng, ung thư phổi và ung thư cổ tử cung.",
    "spos": [
      3056,
      3164
    ],
    "entity_1": {
      "text": "vú",
      "pos": [
        45,
        46
      ]
    },
    "entity_2": {
      "text": "ung thư vú",
      "pos": [
        37,
        46
      ]
    },
    "label": "LOCATION_OF"
  },
  {
    "doc_id": "content/VLSP2020_RE_train/23351115",
    "sent_id": 33,
    "sentence": "Ở nữ giới, các loại phổ biến nhất là ung thư vú, ung thư đại trực tràng, ung thư phổi và ung thư cổ tử cung.",
    "spos": [
      3056,
      3164
    ],
    "entity_1": {
      "text": "đại trực tràng",
      "pos": [
        57,
        70
      ]
    },
    "entity_2": {
      "text": "ung thư đại trực tràng",
      "pos": [
        49,
        70
      ]
    },
    "label": "LOCATION_OF"
  },
  {
    "doc_id": "content/VLSP2020_RE_train/23351115",
    "sent_id": 34,
    "sentence": "Ở nữ giới, các loại phổ biến nhất là ung thư vú, ung thư đại trực tràng, ung thư phổi và ung thư cổ tử cung.",
    "spos": [
      3056,
      3164
    ],
    "entity_1": {
      "text": "phổi",
      "pos": [
        81,
        84
      ]
    },
    "entity_2": {
      "text": "ung thư phổi",
      "pos": [
        73,
        84
      ]
    },
    "label": "LOCATION_OF"
  },
  {
    "doc_id": "content/VLSP2020_RE_train/23351115",
    "sent_id": 35,
    "sentence": "Ở nữ giới, các loại phổ biến nhất là ung thư vú, ung thư đại trực tràng, ung thư phổi và ung thư cổ tử cung.",
    "spos": [
      3056,
      3164
    ],
    "entity_1": {
      "text": "cổ tử cung",
      "pos": [
        97,
        106
      ]
    },
    "entity_2": {
      "text": "ung thư cổ tử cung",
      "pos": [
        89,
        106
      ]
    },
    "label": "LOCATION_OF"
  },
  {
    "doc_id": "content/VLSP2020_RE_train/23351115",
    "sent_id": 36,
    "sentence": "Trong đó 5 loại ung thư phổ biến nhất hiện nay gồm ung thư gan (14,5%), ung thư phổi (14,4%), ung thư vú ở nữ (11,8 %), ung thư dạ dày (9,8%), ung thư đại trực tràng (9%).",
    "spos": [
      3657,
      3804
    ],
    "entity_1": {
      "text": "gan",
      "pos": [
        59,
        61
      ]
    },
    "entity_2": {
      "text": "ung thư gan",
      "pos": [
        51,
        61
      ]
    },
    "label": "LOCATION_OF"
  },
  {
    "doc_id": "content/VLSP2020_RE_train/23351115",
    "sent_id": 37,
    "sentence": "Trong đó 5 loại ung thư phổ biến nhất hiện nay gồm ung thư gan (14,5%), ung thư phổi (14,4%), ung thư vú ở nữ (11,8 %), ung thư dạ dày (9,8%), ung thư đại trực tràng (9%).",
    "spos": [
      3657,
      3804
    ],
    "entity_1": {
      "text": "phổi",
      "pos": [
        80,
        83
      ]
    },
    "entity_2": {
      "text": "ung thư phổi",
      "pos": [
        72,
        83
      ]
    },
    "label": "LOCATION_OF"
  },
  {
    "doc_id": "content/VLSP2020_RE_train/23351115",
    "sent_id": 38,
    "sentence": "Trong đó 5 loại ung thư phổ biến nhất hiện nay gồm ung thư gan (14,5%), ung thư phổi (14,4%), ung thư vú ở nữ (11,8 %), ung thư dạ dày (9,8%), ung thư đại trực tràng (9%).",
    "spos": [
      3657,
      3804
    ],
    "entity_1": {
      "text": "vú",
      "pos": [
        102,
        103
      ]
    },
    "entity_2": {
      "text": "ung thư vú",
      "pos": [
        94,
        103
      ]
    },
    "label": "LOCATION_OF"
  },
  {
    "doc_id": "content/VLSP2020_RE_train/23351115",
    "sent_id": 39,
    "sentence": "Trong đó 5 loại ung thư phổ biến nhất hiện nay gồm ung thư gan (14,5%), ung thư phổi (14,4%), ung thư vú ở nữ (11,8 %), ung thư dạ dày (9,8%), ung thư đại trực tràng (9%).",
    "spos": [
      3657,
      3804
    ],
    "entity_1": {
      "text": "dạ dày",
      "pos": [
        128,
        133
      ]
    },
    "entity_2": {
      "text": "ung thư dạ dày",
      "pos": [
        120,
        133
      ]
    },
    "label": "LOCATION_OF"
  },
  {
    "doc_id": "content/VLSP2020_RE_train/23351115",
    "sent_id": 40,
    "sentence": "Trong đó 5 loại ung thư phổ biến nhất hiện nay gồm ung thư gan (14,5%), ung thư phổi (14,4%), ung thư vú ở nữ (11,8 %), ung thư dạ dày (9,8%), ung thư đại trực tràng (9%).",
    "spos": [
      3657,
      3804
    ],
    "entity_1": {
      "text": "đại trực tràng",
      "pos": [
        151,
        164
      ]
    },
    "entity_2": {
      "text": "ung thư đại trực tràng",
      "pos": [
        143,
        164
      ]
    },
    "label": "LOCATION_OF"
  },
  {
    "doc_id": "content/VLSP2020_RE_train/23351115",
    "sent_id": 41,
    "sentence": "Ung thư là một nhóm lớn các bệnh liên quan đến sự tăng sinh bất thường của tế bào với khả năng xâm lấn hoặc lan sang các bộ phận khác của cơ thể.",
    "spos": [
      3968,
      4113
    ],
    "entity_1": {
      "text": "tế bào",
      "pos": [
        75,
        80
      ]
    },
    "entity_2": {
      "text": "sự tăng sinh bất thường của tế bào với khả năng xâm lấn hoặc lan sang các bộ phận khác của cơ thể",
      "pos": [
        47,
        143
      ]
    },
    "label": "LOCATION_OF"
  },
  {
    "doc_id": "content/VLSP2020_RE_train/23351115",
    "sent_id": 42,
    "sentence": "Ví dụ, khối u từ ung thư phổi có thể chẹn phế quản dẫn đến ho hoặc viêm phổi; ung thư thực quản có thể làm hẹp thực quản, gây khó khăn hoặc đau khi nuốt; và ung thư đại trực tràng có thể dẫn đến hẹp hoặc tắc nghẽn trong ruột, ảnh hưởng đến việc đi đại tiện.",
    "spos": [
      5674,
      5931
    ],
    "entity_1": {
      "text": "ung thư phổi",
      "pos": [
        17,
        28
      ]
    },
    "entity_2": {
      "text": "khối u",
      "pos": [
        7,
        12
      ]
    },
    "label": "CAUSE"
  },
  {
    "doc_id": "content/VLSP2020_RE_train/23351115",
    "sent_id": 43,
    "sentence": "Ví dụ, khối u từ ung thư phổi có thể chẹn phế quản dẫn đến ho hoặc viêm phổi; ung thư thực quản có thể làm hẹp thực quản, gây khó khăn hoặc đau khi nuốt; và ung thư đại trực tràng có thể dẫn đến hẹp hoặc tắc nghẽn trong ruột, ảnh hưởng đến việc đi đại tiện.",
    "spos": [
      5674,
      5931
    ],
    "entity_1": {
      "text": "khối u từ ung thư phổi",
      "pos": [
        7,
        28
      ]
    },
    "entity_2": {
      "text": "ho",
      "pos": [
        59,
        60
      ]
    },
    "label": "CAUSE"
  },
  {
    "doc_id": "content/VLSP2020_RE_train/23351115",
    "sent_id": 43,
    "sentence": "Ví dụ, khối u từ ung thư phổi có thể chẹn phế quản dẫn đến ho hoặc viêm phổi; ung thư thực quản có thể làm hẹp thực quản, gây khó khăn hoặc đau khi nuốt; và ung thư đại trực tràng có thể dẫn đến hẹp hoặc tắc nghẽn trong ruột, ảnh hưởng đến việc đi đại tiện.",
    "spos": [
      5674,
      5931
    ],
    "entity_1": {
      "text": "khối u từ ung thư phổi",
      "pos": [
        7,
        28
      ]
    },
    "entity_2": {
      "text": "viêm phổi",
      "pos": [
        67,
        75
      ]
    },
    "label": "CAUSE"
  },
  {
    "doc_id": "content/VLSP2020_RE_train/23351115",
    "sent_id": 44,
    "sentence": "Ví dụ, khối u từ ung thư phổi có thể chẹn phế quản dẫn đến ho hoặc viêm phổi; ung thư thực quản có thể làm hẹp thực quản, gây khó khăn hoặc đau khi nuốt; và ung thư đại trực tràng có thể dẫn đến hẹp hoặc tắc nghẽn trong ruột, ảnh hưởng đến việc đi đại tiện.",
    "spos": [
      5674,
      5931
    ],
    "entity_1": {
      "text": "ung thư thực quản",
      "pos": [
        78,
        94
      ]
    },
    "entity_2": {
      "text": "đau",
      "pos": [
        140,
        142
      ]
    },
    "label": "CAUSE"
  },
  {
    "doc_id": "content/VLSP2020_RE_train/23351115",
    "sent_id": 45,
    "sentence": "Ví dụ, khối u từ ung thư phổi có thể chẹn phế quản dẫn đến ho hoặc viêm phổi; ung thư thực quản có thể làm hẹp thực quản, gây khó khăn hoặc đau khi nuốt; và ung thư đại trực tràng có thể dẫn đến hẹp hoặc tắc nghẽn trong ruột, ảnh hưởng đến việc đi đại tiện.",
    "spos": [
      5674,
      5931
    ],
    "entity_1": {
      "text": "ung thư đại trực tràng",
      "pos": [
        157,
        178
      ]
    },
    "entity_2": {
      "text": "tắc nghẽn trong ruột",
      "pos": [
        204,
        223
      ]
    },
    "label": "CAUSE"
  },
  {
    "doc_id": "content/VLSP2020_RE_train/23351115",
    "sent_id": 46,
    "sentence": "Ví dụ, khối u từ ung thư phổi có thể chẹn phế quản dẫn đến ho hoặc viêm phổi; ung thư thực quản có thể làm hẹp thực quản, gây khó khăn hoặc đau khi nuốt; và ung thư đại trực tràng có thể dẫn đến hẹp hoặc tắc nghẽn trong ruột, ảnh hưởng đến việc đi đại tiện.",
    "spos": [
      5674,
      5931
    ],
    "entity_1": {
      "text": "ruột",
      "pos": [
        220,
        223
      ]
    },
    "entity_2": {
      "text": "tắc nghẽn trong ruột",
      "pos": [
        204,
        223
      ]
    },
    "label": "LOCATION_OF"
  },
  {
    "doc_id": "content/VLSP2020_RE_train/23351115",
    "sent_id": 47,
    "sentence": "Ung thư ở vú hoặc tinh hoàn có thể tạo ra các cục u quan sát được bằng mắt thường.",
    "spos": [
      5932,
      6014
    ],
    "entity_1": {
      "text": "vú",
      "pos": [
        10,
        11
      ]
    },
    "entity_2": {
      "text": "Ung thư ở vú hoặc tinh hoàn",
      "pos": [
        0,
        26
      ]
    },
    "label": "LOCATION_OF"
  },
  {
    "doc_id": "content/VLSP2020_RE_train/23351115",
    "sent_id": 48,
    "sentence": "Ung thư ở vú hoặc tinh hoàn có thể tạo ra các cục u quan sát được bằng mắt thường.",
    "spos": [
      5932,
      6014
    ],
    "entity_1": {
      "text": "tinh hoàn",
      "pos": [
        18,
        26
      ]
    },
    "entity_2": {
      "text": "Ung thư ở vú hoặc tinh hoàn",
      "pos": [
        0,
        26
      ]
    },
    "label": "LOCATION_OF"
  },
  {
    "doc_id": "content/VLSP2020_RE_train/23351115",
    "sent_id": 49,
    "sentence": "Ung thư ở vú hoặc tinh hoàn có thể tạo ra các cục u quan sát được bằng mắt thường.",
    "spos": [
      5932,
      6014
    ],
    "entity_1": {
      "text": "Ung thư ở vú hoặc tinh hoàn",
      "pos": [
        0,
        26
      ]
    },
    "entity_2": {
      "text": "cục u",
      "pos": [
        46,
        50
      ]
    },
    "label": "CAUSE"
  },
  {
    "doc_id": "content/VLSP2020_RE_train/23351115",
    "sent_id": 50,
    "sentence": "Vết loét có thể gây chảy máu dẫn đến các triệu chứng như ho ra máu (ung thư phổi), thiếu máu hoặc chảy máu ruột  (ung thư ruột kết), tiểu ra máu (ung thư bàng quang) hoặc chảy máu âm đạo bất thường (ung thư nội mạc tử cung hoặc cổ tử cung).",
    "spos": [
      6015,
      6255
    ],
    "entity_1": {
      "text": "Vết loét",
      "pos": [
        0,
        7
      ]
    },
    "entity_2": {
      "text": "ho ra máu",
      "pos": [
        57,
        65
      ]
    },
    "label": "CAUSE"
  },
  {
    "doc_id": "content/VLSP2020_RE_train/23351115",
    "sent_id": 51,
    "sentence": "Vết loét có thể gây chảy máu dẫn đến các triệu chứng như ho ra máu (ung thư phổi), thiếu máu hoặc chảy máu ruột  (ung thư ruột kết), tiểu ra máu (ung thư bàng quang) hoặc chảy máu âm đạo bất thường (ung thư nội mạc tử cung hoặc cổ tử cung).",
    "spos": [
      6015,
      6255
    ],
    "entity_1": {
      "text": "Vết loét",
      "pos": [
        0,
        7
      ]
    },
    "entity_2": {
      "text": "thiếu máu",
      "pos": [
        84,
        91
      ]
    },
    "label": "CAUSE"
  },
  {
    "doc_id": "content/VLSP2020_RE_train/23351115",
    "sent_id": 52,
    "sentence": "Vết loét có thể gây chảy máu dẫn đến các triệu chứng như ho ra máu (ung thư phổi), thiếu máu hoặc chảy máu ruột  (ung thư ruột kết), tiểu ra máu (ung thư bàng quang) hoặc chảy máu âm đạo bất thường (ung thư nội mạc tử cung hoặc cổ tử cung).",
    "spos": [
      6015,
      6255
    ],
    "entity_1": {
      "text": "Vết loét",
      "pos": [
        0,
        7
      ]
    },
    "entity_2": {
      "text": "chảy máu ruột",
      "pos": [
        98,
        110
      ]
    },
    "label": "CAUSE"
  },
  {
    "doc_id": "content/VLSP2020_RE_train/23351115",
    "sent_id": 53,
    "sentence": "Vết loét có thể gây chảy máu dẫn đến các triệu chứng như ho ra máu (ung thư phổi), thiếu máu hoặc chảy máu ruột  (ung thư ruột kết), tiểu ra máu (ung thư bàng quang) hoặc chảy máu âm đạo bất thường (ung thư nội mạc tử cung hoặc cổ tử cung).",
    "spos": [
      6015,
      6255
    ],
    "entity_1": {
      "text": "Vết loét",
      "pos": [
        0,
        7
      ]
    },
    "entity_2": {
      "text": "tiểu ra máu",
      "pos": [
        133,
        143
      ]
    },
    "label": "CAUSE"
  },
  {
    "doc_id": "content/VLSP2020_RE_train/23351115",
    "sent_id": 54,
    "sentence": "Vết loét có thể gây chảy máu dẫn đến các triệu chứng như ho ra máu (ung thư phổi), thiếu máu hoặc chảy máu ruột  (ung thư ruột kết), tiểu ra máu (ung thư bàng quang) hoặc chảy máu âm đạo bất thường (ung thư nội mạc tử cung hoặc cổ tử cung).",
    "spos": [
      6015,
      6255
    ],
    "entity_1": {
      "text": "Vết loét",
      "pos": [
        0,
        7
      ]
    },
    "entity_2": {
      "text": "chảy máu âm đạo bất thường",
      "pos": [
        171,
        196
      ]
    },
    "label": "CAUSE"
  },
  {
    "doc_id": "content/VLSP2020_RE_train/23351115",
    "sent_id": 55,
    "sentence": "Vết loét có thể gây chảy máu dẫn đến các triệu chứng như ho ra máu (ung thư phổi), thiếu máu hoặc chảy máu ruột  (ung thư ruột kết), tiểu ra máu (ung thư bàng quang) hoặc chảy máu âm đạo bất thường (ung thư nội mạc tử cung hoặc cổ tử cung).",
    "spos": [
      6015,
      6255
    ],
    "entity_1": {
      "text": "phổi",
      "pos": [
        76,
        79
      ]
    },
    "entity_2": {
      "text": "ung thư phổi",
      "pos": [
        68,
        79
      ]
    },
    "label": "LOCATION_OF"
  },
  {
    "doc_id": "content/VLSP2020_RE_train/23351115",
    "sent_id": 56,
    "sentence": "Vết loét có thể gây chảy máu dẫn đến các triệu chứng như ho ra máu (ung thư phổi), thiếu máu hoặc chảy máu ruột  (ung thư ruột kết), tiểu ra máu (ung thư bàng quang) hoặc chảy máu âm đạo bất thường (ung thư nội mạc tử cung hoặc cổ tử cung).",
    "spos": [
      6015,
      6255
    ],
    "entity_1": {
      "text": "ruột",
      "pos": [
        122,
        125
      ]
    },
    "entity_2": {
      "text": "ung thư ruột kết",
      "pos": [
        113,
        129
      ]
    },
    "label": "LOCATION_OF"
  },
  {
    "doc_id": "content/VLSP2020_RE_train/23351115",
    "sent_id": 57,
    "sentence": "Vết loét có thể gây chảy máu dẫn đến các triệu chứng như ho ra máu (ung thư phổi), thiếu máu hoặc chảy máu ruột  (ung thư ruột kết), tiểu ra máu (ung thư bàng quang) hoặc chảy máu âm đạo bất thường (ung thư nội mạc tử cung hoặc cổ tử cung).",
    "spos": [
      6015,
      6255
    ],
    "entity_1": {
      "text": "bàng quang",
      "pos": [
        154,
        163
      ]
    },
    "entity_2": {
      "text": "ung thư bàng quang",
      "pos": [
        146,
        163
      ]
    },
    "label": "LOCATION_OF"
  },
  {
    "doc_id": "content/VLSP2020_RE_train/23351115",
    "sent_id": 58,
    "sentence": "Vết loét có thể gây chảy máu dẫn đến các triệu chứng như ho ra máu (ung thư phổi), thiếu máu hoặc chảy máu ruột  (ung thư ruột kết), tiểu ra máu (ung thư bàng quang) hoặc chảy máu âm đạo bất thường (ung thư nội mạc tử cung hoặc cổ tử cung).",
    "spos": [
      6015,
      6255
    ],
    "entity_1": {
      "text": "nội mạc tử cung",
      "pos": [
        207,
        221
      ]
    },
    "entity_2": {
      "text": "ung thư nội mạc tử cung hoặc cổ tử cung",
      "pos": [
        199,
        237
      ]
    },
    "label": "LOCATION_OF"
  },
  {
    "doc_id": "content/VLSP2020_RE_train/23351115",
    "sent_id": 59,
    "sentence": "Vết loét có thể gây chảy máu dẫn đến các triệu chứng như ho ra máu (ung thư phổi), thiếu máu hoặc chảy máu ruột  (ung thư ruột kết), tiểu ra máu (ung thư bàng quang) hoặc chảy máu âm đạo bất thường (ung thư nội mạc tử cung hoặc cổ tử cung).",
    "spos": [
      6015,
      6255
    ],
    "entity_1": {
      "text": "cổ tử cung",
      "pos": [
        228,
        237
      ]
    },
    "entity_2": {
      "text": "ung thư nội mạc tử cung hoặc cổ tử cung",
      "pos": [
        199,
        237
      ]
    },
    "label": "LOCATION_OF"
  },
  {
    "doc_id": "content/VLSP2020_RE_train/23351115",
    "sent_id": 60,
    "sentence": "Một số bệnh ung thư có thể gây tích dịch trong ngực hoặc bụng.",
    "spos": [
      6345,
      6407
    ],
    "entity_1": {
      "text": "ung thư",
      "pos": [
        12,
        18
      ]
    },
    "entity_2": {
      "text": "tích dịch trong ngực hoặc bụng",
      "pos": [
        31,
        60
      ]
    },
    "label": "CAUSE"
  },
  {
    "doc_id": "content/VLSP2020_RE_train/23351115",
    "sent_id": 61,
    "sentence": "Một số bệnh ung thư có thể gây tích dịch trong ngực hoặc bụng.",
    "spos": [
      6345,
      6407
    ],
    "entity_1": {
      "text": "ngực",
      "pos": [
        47,
        50
      ]
    },
    "entity_2": {
      "text": "tích dịch trong ngực hoặc bụng",
      "pos": [
        31,
        60
      ]
    },
    "label": "LOCATION_OF"
  },
  {
    "doc_id": "content/VLSP2020_RE_train/23351115",
    "sent_id": 62,
    "sentence": "Một số bệnh ung thư có thể gây tích dịch trong ngực hoặc bụng.",
    "spos": [
      6345,
      6407
    ],
    "entity_1": {
      "text": "bụng",
      "pos": [
        57,
        60
      ]
    },
    "entity_2": {
      "text": "tích dịch trong ngực hoặc bụng",
      "pos": [
        31,
        60
      ]
    },
    "label": "LOCATION_OF"
  },
  {
    "doc_id": "content/VLSP2020_RE_train/23351115",
    "sent_id": 63,
    "sentence": "Một số bệnh ung thư có thể gây ra tình trạng viêm toàn thân dẫn đến mất và yếu cơ liên tục, được gọi là cachexia (đôi khi được dịch là hội chứng suy kiệt). Một số loại ung thư như u lympho Hodgkin, bệnh bạch cầu và ung thư gan hoặc thận có thể gây sốt dai dẳng.Một số triệu chứng toàn thân của bệnh ung thư là do nội tiết tố hoặc các phân tử khác do khối u tạo ra, được gọi là hội chứng cận ung thư.",
    "spos": [
      6610,
      7008
    ],
    "entity_1": {
      "text": "ung thư",
      "pos": [
        12,
        18
      ]
    },
    "entity_2": {
      "text": "viêm toàn thân",
      "pos": [
        45,
        58
      ]
    },
    "label": "CAUSE"
  },
  {
    "doc_id": "content/VLSP2020_RE_train/23351115",
    "sent_id": 64,
    "sentence": "Một số bệnh ung thư có thể gây ra tình trạng viêm toàn thân dẫn đến mất và yếu cơ liên tục, được gọi là cachexia (đôi khi được dịch là hội chứng suy kiệt). Một số loại ung thư như u lympho Hodgkin, bệnh bạch cầu và ung thư gan hoặc thận có thể gây sốt dai dẳng.Một số triệu chứng toàn thân của bệnh ung thư là do nội tiết tố hoặc các phân tử khác do khối u tạo ra, được gọi là hội chứng cận ung thư.",
    "spos": [
      6610,
      7008
    ],
    "entity_1": {
      "text": "ung thư",
      "pos": [
        12,
        18
      ]
    },
    "entity_2": {
      "text": "mất và yếu cơ liên tục",
      "pos": [
        68,
        89
      ]
    },
    "label": "CAUSE"
  },
  {
    "doc_id": "content/VLSP2020_RE_train/23351115",
    "sent_id": 65,
    "sentence": "Một số bệnh ung thư có thể gây ra tình trạng viêm toàn thân dẫn đến mất và yếu cơ liên tục, được gọi là cachexia (đôi khi được dịch là hội chứng suy kiệt). Một số loại ung thư như u lympho Hodgkin, bệnh bạch cầu và ung thư gan hoặc thận có thể gây sốt dai dẳng.Một số triệu chứng toàn thân của bệnh ung thư là do nội tiết tố hoặc các phân tử khác do khối u tạo ra, được gọi là hội chứng cận ung thư.",
    "spos": [
      6610,
      7008
    ],
    "entity_1": {
      "text": "u lympho Hodgkin",
      "pos": [
        180,
        195
      ]
    },
    "entity_2": {
      "text": "sốt dai dẳng",
      "pos": [
        248,
        259
      ]
    },
    "label": "CAUSE"
  },
  {
    "doc_id": "content/VLSP2020_RE_train/23351115",
    "sent_id": 66,
    "sentence": "Một số bệnh ung thư có thể gây ra tình trạng viêm toàn thân dẫn đến mất và yếu cơ liên tục, được gọi là cachexia (đôi khi được dịch là hội chứng suy kiệt). Một số loại ung thư như u lympho Hodgkin, bệnh bạch cầu và ung thư gan hoặc thận có thể gây sốt dai dẳng.Một số triệu chứng toàn thân của bệnh ung thư là do nội tiết tố hoặc các phân tử khác do khối u tạo ra, được gọi là hội chứng cận ung thư.",
    "spos": [
      6610,
      7008
    ],
    "entity_1": {
      "text": "bệnh bạch cầu",
      "pos": [
        198,
        210
      ]
    },
    "entity_2": {
      "text": "sốt dai dẳng",
      "pos": [
        248,
        259
      ]
    },
    "label": "CAUSE"
  },
  {
    "doc_id": "content/VLSP2020_RE_train/23351115",
    "sent_id": 67,
    "sentence": "Một số bệnh ung thư có thể gây ra tình trạng viêm toàn thân dẫn đến mất và yếu cơ liên tục, được gọi là cachexia (đôi khi được dịch là hội chứng suy kiệt). Một số loại ung thư như u lympho Hodgkin, bệnh bạch cầu và ung thư gan hoặc thận có thể gây sốt dai dẳng.Một số triệu chứng toàn thân của bệnh ung thư là do nội tiết tố hoặc các phân tử khác do khối u tạo ra, được gọi là hội chứng cận ung thư.",
    "spos": [
      6610,
      7008
    ],
    "entity_1": {
      "text": "ung thư gan hoặc thận",
      "pos": [
        215,
        235
      ]
    },
    "entity_2": {
      "text": "sốt dai dẳng",
      "pos": [
        248,
        259
      ]
    },
    "label": "CAUSE"
  },
  {
    "doc_id": "content/VLSP2020_RE_train/23351115",
    "sent_id": 68,
    "sentence": "Một số bệnh ung thư có thể gây ra tình trạng viêm toàn thân dẫn đến mất và yếu cơ liên tục, được gọi là cachexia (đôi khi được dịch là hội chứng suy kiệt). Một số loại ung thư như u lympho Hodgkin, bệnh bạch cầu và ung thư gan hoặc thận có thể gây sốt dai dẳng.Một số triệu chứng toàn thân của bệnh ung thư là do nội tiết tố hoặc các phân tử khác do khối u tạo ra, được gọi là hội chứng cận ung thư.",
    "spos": [
      6610,
      7008
    ],
    "entity_1": {
      "text": "gan",
      "pos": [
        223,
        225
      ]
    },
    "entity_2": {
      "text": "ung thư gan hoặc thận",
      "pos": [
        215,
        235
      ]
    },
    "label": "LOCATION_OF"
  },
  {
    "doc_id": "content/VLSP2020_RE_train/23351115",
    "sent_id": 69,
    "sentence": "Một số bệnh ung thư có thể gây ra tình trạng viêm toàn thân dẫn đến mất và yếu cơ liên tục, được gọi là cachexia (đôi khi được dịch là hội chứng suy kiệt). Một số loại ung thư như u lympho Hodgkin, bệnh bạch cầu và ung thư gan hoặc thận có thể gây sốt dai dẳng.Một số triệu chứng toàn thân của bệnh ung thư là do nội tiết tố hoặc các phân tử khác do khối u tạo ra, được gọi là hội chứng cận ung thư.",
    "spos": [
      6610,
      7008
    ],
    "entity_1": {
      "text": "thận",
      "pos": [
        232,
        235
      ]
    },
    "entity_2": {
      "text": "ung thư gan hoặc thận",
      "pos": [
        215,
        235
      ]
    },
    "label": "LOCATION_OF"
  },
  {
    "doc_id": "content/VLSP2020_RE_train/23351115",
    "sent_id": 70,
    "sentence": "Các hội chứng cận ung thư phổ biến bao gồm tăng calci huyết dẫn đến trạng thái tinh thần thay đổi, táo bón và mất nước, hoặc hạ natri huyết cũng có thể khiến tâm trạng thay đổi, nôn mửa, đau đầu hoặc co giật.",
    "spos": [
      7011,
      7219
    ],
    "entity_1": {
      "text": "tăng calci huyết",
      "pos": [
        43,
        58
      ]
    },
    "entity_2": {
      "text": "táo bón",
      "pos": [
        99,
        105
      ]
    },
    "label": "CAUSE"
  },
  {
    "doc_id": "content/VLSP2020_RE_train/23351115",
    "sent_id": 71,
    "sentence": "Các hội chứng cận ung thư phổ biến bao gồm tăng calci huyết dẫn đến trạng thái tinh thần thay đổi, táo bón và mất nước, hoặc hạ natri huyết cũng có thể khiến tâm trạng thay đổi, nôn mửa, đau đầu hoặc co giật.",
    "spos": [
      7011,
      7219
    ],
    "entity_1": {
      "text": "tăng calci huyết",
      "pos": [
        43,
        58
      ]
    },
    "entity_2": {
      "text": "mất nước",
      "pos": [
        110,
        117
      ]
    },
    "label": "CAUSE"
  },
  {
    "doc_id": "content/VLSP2020_RE_train/23351115",
    "sent_id": 72,
    "sentence": "Các hội chứng cận ung thư phổ biến bao gồm tăng calci huyết dẫn đến trạng thái tinh thần thay đổi, táo bón và mất nước, hoặc hạ natri huyết cũng có thể khiến tâm trạng thay đổi, nôn mửa, đau đầu hoặc co giật.",
    "spos": [
      7011,
      7219
    ],
    "entity_1": {
      "text": "hạ natri huyết",
      "pos": [
        125,
        138
      ]
    },
    "entity_2": {
      "text": "nôn mửa",
      "pos": [
        178,
        184
      ]
    },
    "label": "CAUSE"
  },
  {
    "doc_id": "content/VLSP2020_RE_train/23351115",
    "sent_id": 73,
    "sentence": "Các hội chứng cận ung thư phổ biến bao gồm tăng calci huyết dẫn đến trạng thái tinh thần thay đổi, táo bón và mất nước, hoặc hạ natri huyết cũng có thể khiến tâm trạng thay đổi, nôn mửa, đau đầu hoặc co giật.",
    "spos": [
      7011,
      7219
    ],
    "entity_1": {
      "text": "hạ natri huyết",
      "pos": [
        125,
        138
      ]
    },
    "entity_2": {
      "text": "đau đầu",
      "pos": [
        187,
        193
      ]
    },
    "label": "CAUSE"
  },
  {
    "doc_id": "content/VLSP2020_RE_train/23351115",
    "sent_id": 74,
    "sentence": "Các hội chứng cận ung thư phổ biến bao gồm tăng calci huyết dẫn đến trạng thái tinh thần thay đổi, táo bón và mất nước, hoặc hạ natri huyết cũng có thể khiến tâm trạng thay đổi, nôn mửa, đau đầu hoặc co giật.",
    "spos": [
      7011,
      7219
    ],
    "entity_1": {
      "text": "hạ natri huyết",
      "pos": [
        125,
        138
      ]
    },
    "entity_2": {
      "text": "co giật",
      "pos": [
        200,
        206
      ]
    },
    "label": "CAUSE"
  },
  {
    "doc_id": "content/VLSP2020_RE_train/23351115",
    "sent_id": 75,
    "sentence": "Các triệu chứng của ung thư di căn phụ thuộc vào vị trí khối u và có thể kể đến như sưng hạch bạch huyết (có thể sờ hoặc nhìn thấy dưới da và thường cứng), gan hoặc lá lách phình to (có thể cảm nhận được ở vùng bụng), đau hoặc gãy các xương bị ảnh hưởng (với các ung thư liên quan đến xương) và các triệu chứng thần kinh.",
    "spos": [
      7648,
      7969
    ],
    "entity_1": {
      "text": "ung thư di căn",
      "pos": [
        20,
        33
      ]
    },
    "entity_2": {
      "text": "sưng hạch bạch huyết",
      "pos": [
        84,
        103
      ]
    },
    "label": "CAUSE"
  },
  {
    "doc_id": "content/VLSP2020_RE_train/23351115",
    "sent_id": 76,
    "sentence": "Các triệu chứng của ung thư di căn phụ thuộc vào vị trí khối u và có thể kể đến như sưng hạch bạch huyết (có thể sờ hoặc nhìn thấy dưới da và thường cứng), gan hoặc lá lách phình to (có thể cảm nhận được ở vùng bụng), đau hoặc gãy các xương bị ảnh hưởng (với các ung thư liên quan đến xương) và các triệu chứng thần kinh.",
    "spos": [
      7648,
      7969
    ],
    "entity_1": {
      "text": "ung thư di căn",
      "pos": [
        20,
        33
      ]
    },
    "entity_2": {
      "text": "gan hoặc lá lách phình to",
      "pos": [
        156,
        180
      ]
    },
    "label": "CAUSE"
  },
  {
    "doc_id": "content/VLSP2020_RE_train/23351115",
    "sent_id": 77,
    "sentence": "Các triệu chứng của ung thư di căn phụ thuộc vào vị trí khối u và có thể kể đến như sưng hạch bạch huyết (có thể sờ hoặc nhìn thấy dưới da và thường cứng), gan hoặc lá lách phình to (có thể cảm nhận được ở vùng bụng), đau hoặc gãy các xương bị ảnh hưởng (với các ung thư liên quan đến xương) và các triệu chứng thần kinh.",
    "spos": [
      7648,
      7969
    ],
    "entity_1": {
      "text": "ung thư di căn",
      "pos": [
        20,
        33
      ]
    },
    "entity_2": {
      "text": "đau hoặc gãy các xương bị ảnh hưởng",
      "pos": [
        218,
        252
      ]
    },
    "label": "CAUSE"
  },
  {
    "doc_id": "content/VLSP2020_RE_train/23351115",
    "sent_id": 78,
    "sentence": "Các triệu chứng của ung thư di căn phụ thuộc vào vị trí khối u và có thể kể đến như sưng hạch bạch huyết (có thể sờ hoặc nhìn thấy dưới da và thường cứng), gan hoặc lá lách phình to (có thể cảm nhận được ở vùng bụng), đau hoặc gãy các xương bị ảnh hưởng (với các ung thư liên quan đến xương) và các triệu chứng thần kinh.",
    "spos": [
      7648,
      7969
    ],
    "entity_1": {
      "text": "ung thư di căn",
      "pos": [
        20,
        33
      ]
    },
    "entity_2": {
      "text": "triệu chứng thần kinh",
      "pos": [
        299,
        319
      ]
    },
    "label": "CAUSE"
  },
  {
    "doc_id": "content/VLSP2020_RE_train/23351115",
    "sent_id": 79,
    "sentence": "Các triệu chứng của ung thư di căn phụ thuộc vào vị trí khối u và có thể kể đến như sưng hạch bạch huyết (có thể sờ hoặc nhìn thấy dưới da và thường cứng), gan hoặc lá lách phình to (có thể cảm nhận được ở vùng bụng), đau hoặc gãy các xương bị ảnh hưởng (với các ung thư liên quan đến xương) và các triệu chứng thần kinh.",
    "spos": [
      7648,
      7969
    ],
    "entity_1": {
      "text": "gan",
      "pos": [
        156,
        158
      ]
    },
    "entity_2": {
      "text": "gan hoặc lá lách phình to",
      "pos": [
        156,
        180
      ]
    },
    "label": "LOCATION_OF"
  },
  {
    "doc_id": "content/VLSP2020_RE_train/23351115",
    "sent_id": 80,
    "sentence": "Các triệu chứng của ung thư di căn phụ thuộc vào vị trí khối u và có thể kể đến như sưng hạch bạch huyết (có thể sờ hoặc nhìn thấy dưới da và thường cứng), gan hoặc lá lách phình to (có thể cảm nhận được ở vùng bụng), đau hoặc gãy các xương bị ảnh hưởng (với các ung thư liên quan đến xương) và các triệu chứng thần kinh.",
    "spos": [
      7648,
      7969
    ],
    "entity_1": {
      "text": "lá lách",
      "pos": [
        165,
        171
      ]
    },
    "entity_2": {
      "text": "gan hoặc lá lách phình to",
      "pos": [
        156,
        180
      ]
    },
    "label": "LOCATION_OF"
  },
  {
    "doc_id": "content/VLSP2020_RE_train/23351115",
    "sent_id": 81,
    "sentence": "Các triệu chứng của ung thư di căn phụ thuộc vào vị trí khối u và có thể kể đến như sưng hạch bạch huyết (có thể sờ hoặc nhìn thấy dưới da và thường cứng), gan hoặc lá lách phình to (có thể cảm nhận được ở vùng bụng), đau hoặc gãy các xương bị ảnh hưởng (với các ung thư liên quan đến xương) và các triệu chứng thần kinh.",
    "spos": [
      7648,
      7969
    ],
    "entity_1": {
      "text": "xương",
      "pos": [
        235,
        239
      ]
    },
    "entity_2": {
      "text": "đau hoặc gãy các xương bị ảnh hưởng ",
      "pos": [
        218,
        252
      ]
    },
    "label": "LOCATION_OF"
  },
  {
    "doc_id": "content/VLSP2020_RE_train/23351115",
    "sent_id": 82,
    "sentence": "Đại đa số các bệnh ung thư, tức khoảng 90–95% các trường hợp, là do các đột biến gen do các yếu tố môi trường và lối sống. 5–10% còn lại là do các yếu tố di truyền.",
    "spos": [
      7986,
      8150
    ],
    "entity_1": {
      "text": "đột biến gen ",
      "pos": [
        72,
        83
      ]
    },
    "entity_2": {
      "text": "ung thư",
      "pos": [
        19,
        25
      ]
    },
    "label": "CAUSE"
  },
  {
    "doc_id": "content/VLSP2020_RE_train/23351115",
    "sent_id": 83,
    "sentence": "Đại đa số các bệnh ung thư, tức khoảng 90–95% các trường hợp, là do các đột biến gen do các yếu tố môi trường và lối sống. 5–10% còn lại là do các yếu tố di truyền.",
    "spos": [
      7986,
      8150
    ],
    "entity_1": {
      "text": "các yếu tố di truyền",
      "pos": [
        143,
        162
      ]
    },
    "entity_2": {
      "text": "ung thư",
      "pos": [
        19,
        25
      ]
    },
    "label": "CAUSE"
  },
  {
    "doc_id": "content/VLSP2020_RE_train/23351115",
    "sent_id": 84,
    "sentence": "Ngoài ra, khói thuốc cũng là nguyên nhân gây ung thư ở thanh quản, đầu, cổ, dạ dày, bàng quang, thận, thực quản và tuyến tụy.",
    "spos": [
      9585,
      9710
    ],
    "entity_1": {
      "text": "thanh quản",
      "pos": [
        55,
        64
      ]
    },
    "entity_2": {
      "text": "ung thư ở thanh quản, đầu, cổ, dạ dày, bàng quang, thận, thực quản và tuyến tụy",
      "pos": [
        45,
        123
      ]
    },
    "label": "LOCATION_OF"
  },
  {
    "doc_id": "content/VLSP2020_RE_train/23351115",
    "sent_id": 85,
    "sentence": "Ngoài ra, khói thuốc cũng là nguyên nhân gây ung thư ở thanh quản, đầu, cổ, dạ dày, bàng quang, thận, thực quản và tuyến tụy.",
    "spos": [
      9585,
      9710
    ],
    "entity_1": {
      "text": "đầu",
      "pos": [
        67,
        69
      ]
    },
    "entity_2": {
      "text": "ung thư ở thanh quản, đầu, cổ, dạ dày, bàng quang, thận, thực quản và tuyến tụy",
      "pos": [
        45,
        123
      ]
    },
    "label": "LOCATION_OF"
  },
  {
    "doc_id": "content/VLSP2020_RE_train/23351115",
    "sent_id": 86,
    "sentence": "Ngoài ra, khói thuốc cũng là nguyên nhân gây ung thư ở thanh quản, đầu, cổ, dạ dày, bàng quang, thận, thực quản và tuyến tụy.",
    "spos": [
      9585,
      9710
    ],
    "entity_1": {
      "text": "cổ",
      "pos": [
        72,
        73
      ]
    },
    "entity_2": {
      "text": "ung thư ở thanh quản, đầu, cổ, dạ dày, bàng quang, thận, thực quản và tuyến tụy",
      "pos": [
        45,
        123
      ]
    },
    "label": "LOCATION_OF"
  },
  {
    "doc_id": "content/VLSP2020_RE_train/23351115",
    "sent_id": 87,
    "sentence": "Ngoài ra, khói thuốc cũng là nguyên nhân gây ung thư ở thanh quản, đầu, cổ, dạ dày, bàng quang, thận, thực quản và tuyến tụy.",
    "spos": [
      9585,
      9710
    ],
    "entity_1": {
      "text": "dạ dày",
      "pos": [
        76,
        81
      ]
    },
    "entity_2": {
      "text": "ung thư ở thanh quản, đầu, cổ, dạ dày, bàng quang, thận, thực quản và tuyến tụy",
      "pos": [
        45,
        123
      ]
    },
    "label": "LOCATION_OF"
  },
  {
    "doc_id": "content/VLSP2020_RE_train/23351115",
    "sent_id": 88,
    "sentence": "Ngoài ra, khói thuốc cũng là nguyên nhân gây ung thư ở thanh quản, đầu, cổ, dạ dày, bàng quang, thận, thực quản và tuyến tụy.",
    "spos": [
      9585,
      9710
    ],
    "entity_1": {
      "text": "bàng quang",
      "pos": [
        84,
        93
      ]
    },
    "entity_2": {
      "text": "ung thư ở thanh quản, đầu, cổ, dạ dày, bàng quang, thận, thực quản và tuyến tụy",
      "pos": [
        45,
        123
      ]
    },
    "label": "LOCATION_OF"
  },
  {
    "doc_id": "content/VLSP2020_RE_train/23351115",
    "sent_id": 89,
    "sentence": "Ngoài ra, khói thuốc cũng là nguyên nhân gây ung thư ở thanh quản, đầu, cổ, dạ dày, bàng quang, thận, thực quản và tuyến tụy.",
    "spos": [
      9585,
      9710
    ],
    "entity_1": {
      "text": "thận",
      "pos": [
        96,
        99
      ]
    },
    "entity_2": {
      "text": "ung thư ở thanh quản, đầu, cổ, dạ dày, bàng quang, thận, thực quản và tuyến tụy",
      "pos": [
        45,
        123
      ]
    },
    "label": "LOCATION_OF"
  },
  {
    "doc_id": "content/VLSP2020_RE_train/23351115",
    "sent_id": 90,
    "sentence": "Ngoài ra, khói thuốc cũng là nguyên nhân gây ung thư ở thanh quản, đầu, cổ, dạ dày, bàng quang, thận, thực quản và tuyến tụy.",
    "spos": [
      9585,
      9710
    ],
    "entity_1": {
      "text": "thực quản",
      "pos": [
        102,
        110
      ]
    },
    "entity_2": {
      "text": "ung thư ở thanh quản, đầu, cổ, dạ dày, bàng quang, thận, thực quản và tuyến tụy",
      "pos": [
        45,
        123
      ]
    },
    "label": "LOCATION_OF"
  },
  {
    "doc_id": "content/VLSP2020_RE_train/23351115",
    "sent_id": 91,
    "sentence": "Ngoài ra, khói thuốc cũng là nguyên nhân gây ung thư ở thanh quản, đầu, cổ, dạ dày, bàng quang, thận, thực quản và tuyến tụy.",
    "spos": [
      9585,
      9710
    ],
    "entity_1": {
      "text": "tuyến tụy",
      "pos": [
        102, 
        110
      ]
    },
    "entity_2": {
      "text": "ung thư ở thanh quản, đầu, cổ, dạ dày, bàng quang, thận, thực quản và tuyến tụy",
      "pos": [
        115,
        123
      ]
    },
    "label": "LOCATION_OF"
  },
  {
    "doc_id": "content/VLSP2020_RE_train/23351115",
    "sent_id": 92,
    "sentence": "Mối tương quan giữa tỷ lệ tử vong do ung thư phổi và tiêu thụ thuốc lá trở nên rất rõ ràng khi được đặt lên biểu đồ, khi tiêu thụ thuốc là tăng mạnh thì tỷ lệ tử vong do ung thư phổi cũng nhảy vọt và gần đây, sự giảm trong tiêu thụ thuốc lá vào những năm 1950 được theo sau bởi sự giảm tỷ lệ tử vong do ung thư phổi ở nam giới vào những năm 1990.Ở Tây Âu, 10% ung thư ở nam và 3% ung thư ở nữ có nguyên nhân liên quan đến rượu, đặc biệt là ung thư gan và đường tiêu hóa.",
    "spos": [
      9967,
      10437
    ],
    "entity_1": {
      "text": "phổi",
      "pos": [
        45, 
        48
      ]
    },
    "entity_2": {
      "text": "ung thư phổi",
      "pos": [
        37,
        48
      ]
    },
    "label": "LOCATION_OF"
  },
  {
    "doc_id": "content/VLSP2020_RE_train/23351115",
    "sent_id": 93,
    "sentence": "Mối tương quan giữa tỷ lệ tử vong do ung thư phổi và tiêu thụ thuốc lá trở nên rất rõ ràng khi được đặt lên biểu đồ, khi tiêu thụ thuốc là tăng mạnh thì tỷ lệ tử vong do ung thư phổi cũng nhảy vọt và gần đây, sự giảm trong tiêu thụ thuốc lá vào những năm 1950 được theo sau bởi sự giảm tỷ lệ tử vong do ung thư phổi ở nam giới vào những năm 1990.Ở Tây Âu, 10% ung thư ở nam và 3% ung thư ở nữ có nguyên nhân liên quan đến rượu, đặc biệt là ung thư gan và đường tiêu hóa.",
    "spos": [
      9967,
      10437
    ],
    "entity_1": {
      "text": "gan",
      "pos": [
        448, 
        450
      ]
    },
    "entity_2": {
      "text": "ung thư gan",
      "pos": [
        440,
        450
      ]
    },
    "label": "LOCATION_OF"
  },
  {
    "doc_id": "content/VLSP2020_RE_train/23351115",
    "sent_id": 94,
    "sentence": "Các bệnh ung thư như ung thư phổi và ung thư trung mạc có thể xuất phát từ việc hít phải khói thuốc lá hoặc sợi amiăng, một ví dụ khác là ung thư bạch cầu có thể có nguyên nhân từ việc tiếp xúc với benzen.",
    "spos": [
      10574,
      10779
    ],
    "entity_1": {
      "text": "trung mạc",
      "pos": [
        45, 
        53
      ]
    },
    "entity_2": {
      "text": "ung thư trung mạc",
      "pos": [
        37,
        53
      ]
    },
    "label": "LOCATION_OF"
  },
  {
    "doc_id": "content/VLSP2020_RE_train/23351115",
    "sent_id": 95,
    "sentence": "Các bệnh ung thư như ung thư phổi và ung thư trung mạc có thể xuất phát từ việc hít phải khói thuốc lá hoặc sợi amiăng, một ví dụ khác là ung thư bạch cầu có thể có nguyên nhân từ việc tiếp xúc với benzen.",
    "spos": [
      10574,
      10779
    ],
    "entity_1": {
      "text": "bạch cầu",
      "pos": [
        146, 
        153
      ]
    },
    "entity_2": {
      "text": "ung thư bạch cầu",
      "pos": [
        138,
        153
      ]
    },
    "label": "LOCATION_OF"
  },
  {
    "doc_id": "content/VLSP2020_RE_train/23351115",
    "sent_id": 96,
    "sentence": "Tại Hoa Kỳ, thừa cân có liên quan đến sự phát triển của nhiều loại ung thư và có liên quan đến 14–20% các ca tử vong do ung thư.",
    "spos": [
      10914,
      10917
    ],
    "entity_1": {
      "text": "thừa cân",
      "pos": [
        12, 
        19
      ]
    },
    "entity_2": {
      "text": "ung thư",
      "pos": [
        67,
        73
      ]
    },
    "label": "CAUSE"
  },
  {
    "doc_id": "content/VLSP2020_RE_train/23351115",
    "sent_id": 98,
    "sentence": "Chế độ ăn nhiều muối có liên quan đến ung thư dạ dày.",
    "spos": [
      11676,
      11729
    ],
    "entity_1": {
      "text": "dạ dày",
      "pos": [
        46, 
        51
      ]
    },
    "entity_2": {
      "text": "ung thư dạ dày",
      "pos": [
        38,
        51
      ]
    },
    "label": "LOCATION_OF"
  },
  {
    "doc_id": "content/VLSP2020_RE_train/23351115",
    "sent_id": 99,
    "sentence": "Nhai hạt cau có thể gây ung thư miệng.",
    "spos": [
      11801,
      11839
    ],
    "entity_1": {
      "text": "miệng",
      "pos": [
        32, 
        36
      ]
    },
    "entity_2": {
      "text": "ung thư miệng",
      "pos": [
        24,
        36
      ]
    },
    "label": "LOCATION_OF"
  },
  {
    "doc_id": "content/VLSP2020_RE_train/23351115",
    "sent_id": 100,
    "sentence": "Ví dụ, ung thư dạ dày phổ biến hơn ở Nhật Bản do chế độ ăn nhiều muối trong khi ung thư ruột kết phổ biến hơn ở Hoa Kỳ.",
    "spos": [
      11952,
      12071
    ],
    "entity_1": {
      "text": "ruột kết",
      "pos": [
        88, 
        95
      ]
    },
    "entity_2": {
      "text": "ung thư ruột kết",
      "pos": [
        80,
        95
      ]
    },
    "label": "LOCATION_OF"
  }]