[
  {
    "doc_id": "content/VLSP2020_RE_train/23351114",
    "sent_id": 12,
    "sentence": "Eczema là một trạng thái viêm lớp nông của da cấp tính hay mạn tính, tiến triển từng đợt hay tái phát, lâm sàng biểu hiện bằng đám mảng đỏ da, mụn nước và ngứa.",
    "spos": [
      449,
      609
    ],
    "entity_1": {
      "text": "Eczema",
      "pos": [
        0,
        5
      ]
    },
    "entity_2": {
      "text": "viêm lớp nông của da cấp tính hay mạn tính",
      "pos": [
        25,
        66
      ]
    },
    "label": "CAUSE"
  },
  {
    "doc_id": "content/VLSP2020_RE_train/23351114",
    "sent_id": 13,
    "sentence": "Eczema là bệnh ngoài da phổ biến, là bệnh da ngứa điển hình, mạn tính hay tái phát, điều trị còn khó khăn.",
    "spos": [
      764,
      869
    ],
    "entity_1": {
      "text": "da",
      "pos": [
        21,
        22
      ]
    },
    "entity_2": {
      "text": "Eczema",
      "pos": [
        0,
        5
      ]
    },
    "label": "LOCATION_OF"
  },
  {
    "doc_id": "content/VLSP2020_RE_train/23351114",
    "sent_id": 14,
    "sentence": "Một số bệnh ngoài da gây ngứa (nấm, ghẻ...) do chà xát, bôi thuốc linh tinh... có thể trở thành eczema thứ phát.",
    "spos": [
      5012,
      5124
    ],
    "entity_1": {
      "text": "nấm",
      "pos": [
        31,
        33
      ]
    },
    "entity_2": {
      "text": "eczema thứ phát",
      "pos": [
        96,
        110
      ]
    },
    "label": "CAUSE"
  },
  {
    "doc_id": "content/VLSP2020_RE_train/23351115",
    "sent_id": 15,
    "sentence": "Ung thư (Tiếng Anh: cancer) là một nhóm các bệnh liên quan đến việc tăng sinh tế bào một cách mất kiểm soát và những tế bào đó có khả năng xâm lấn những mô khác bằng cách phát triển trực tiếp vào mô lân cận hoặc di chuyển đến những bộ phận khác trong cơ thể (di căn).",
    "spos": [
      0,
      284
    ],
    "entity_1": {
      "text": "tế bào",
      "pos": [
        78,
        83
      ]
    },
    "entity_2": {
      "text": "tăng sinh tế bào một cách mất kiểm soát",
      "pos": [
        68,
        106
      ]
    },
    "label": "LOCATION_OF"
  },
  {
    "doc_id": "content/VLSP2020_RE_train/23351115",
    "sent_id": 16,
    "sentence": "Ở các nước đang phát triển, gần 20% bệnh ung thư là do phơi nhiễm với các vi khuẩn hoặc virus như Helicobacter pylori, viêm gan B, viêm gan C, virus Epstein–Barr, nhiễm virus papilloma ở người và HIV.",
    "spos": [
      1056,
      1256
    ],
    "entity_1": {
      "text": "Helicobacter pylori",
      "pos": [
        98,
        116
      ]
    },
    "entity_2": {
      "text": "ung thư",
      "pos": [
        41,
        47
      ]
    },
    "label": "CAUSE"
  },
  {
    "doc_id": "content/VLSP2020_RE_train/23351115",
    "sent_id": 17,
    "sentence": "Nhiều loại ung thư có thể được phòng ngừa bằng cách không hút thuốc, duy trì cân nặng khỏe mạnh, không uống quá nhiều rượu, ăn nhiều rau, trái cây và ngũ cốc nguyên hạt, tiêm phòng các bệnh truyền nhiễm nhất định, không ăn quá nhiều thịt chế biến và thịt đỏ cũng như tránh phơi nắng quá nhiều.",
    "spos": [
      1772,
      2060
    ],
    "entity_1": {
      "text": "duy trì cân nặng khỏe mạnh",
      "pos": [
        69,
        94
      ]
    },
    "entity_2": {
      "text": "ung thư",
      "pos": [
        11,
        17
      ]
    },
    "label": "PREVENT"
  },
  {
    "doc_id": "content/VLSP2020_RE_train/23351115",
    "sent_id": 18,
    "sentence": "Nhiều loại ung thư có thể được phòng ngừa bằng cách không hút thuốc, duy trì cân nặng khỏe mạnh, không uống quá nhiều rượu, ăn nhiều rau, trái cây và ngũ cốc nguyên hạt, tiêm phòng các bệnh truyền nhiễm nhất định, không ăn quá nhiều thịt chế biến và thịt đỏ cũng như tránh phơi nắng quá nhiều.",
    "spos": [
      1772,
      2060
    ],
    "entity_1": {
      "text": "duy trì cân nặng khỏe mạnh",
      "pos": [
        69,
        94
      ]
    },
    "entity_2": {
      "text": "ung thư",
      "pos": [
        11,
        17
      ]
    },
    "label": "PREVENT"
  },
  {
    "doc_id": "content/VLSP2020_RE_train/23351115",
    "sent_id": 19,
    "sentence": "Phát hiện ung thư sớm rất có ích, nhất là với ung thư cổ tử cung hay ung thư đại tràng.",
    "spos": [
      2061,
      2148
    ],
    "entity_1": {
      "text": "cổ tử cung",
      "pos": [
        54,
        63
      ]
    },
    "entity_2": {
      "text": "ung thư cổ tử cung",
      "pos": [
        46,
        63
      ]
    },
    "label": "LOCATION_OF"
  },
  {
    "doc_id": "content/VLSP2020_RE_train/23351115",
    "sent_id": 24,
    "sentence": "Ung thư thường được điều trị sự kết hợp của các phương pháp khác nhau như xạ trị, phẫu thuật, hóa trị và điều trị đích",
    "spos": [
      2149,
      2268
    ],
    "entity_1": {
      "text": "điều trị đích",
      "pos": [
        105,
        117
      ]
    },
    "entity_2": {
      "text": "Ung thư",
      "pos": [
        0,
        6
      ]
    },
    "label": "PREVENT"
  },
  {
    "doc_id": "content/VLSP2020_RE_train/23351115",
    "sent_id": 25,
    "sentence": "Phát hiện ung thư sớm rất có ích, nhất là với ung thư cổ tử cung hay ung thư đại tràng.",
    "spos": [
      2061,
      2148
    ],
    "entity_1": {
      "text": "cổ tử cung",
      "pos": [
        54,
        63
      ]
    },
    "entity_2": {
      "text": "ung thư cổ tử cung",
      "pos": [
        46,
        63
      ]
    },
    "label": "LOCATION_OF"
  },
  {
    "doc_id": "content/VLSP2020_RE_train/23351115",
    "sent_id": 26,
    "sentence": "Phát hiện ung thư sớm rất có ích, nhất là với ung thư cổ tử cung hay ung thư đại tràng.",
    "spos": [
      2061,
      2148
    ],
    "entity_1": {
      "text": "đại tràng",
      "pos": [
        77,
        85
      ]
    },
    "entity_2": {
      "text": "ung thư đại tràng",
      "pos": [
        69,
        85
      ]
    },
    "label": "LOCATION_OF"
  },
  {
    "doc_id": "content/VLSP2020_RE_train/23351115",
    "sent_id": 27,
    "sentence": "Chăm sóc giảm nhẹ là thiết yếu đối với những người có ung thư ở các giai đoạn muộn.",
    "spos": [
      2353,
      2436
    ],
    "entity_1": {
      "text": "Chăm sóc giảm nhẹ",
      "pos": [
        0,
        16
      ]
    },
    "entity_2": {
      "text": "ung thư",
      "pos": [
        54,
        60
      ]
    },
    "label": "TREAT"
  },
  {
    "doc_id": "content/VLSP2020_RE_train/23351115",
    "sent_id": 41,
    "sentence": "Ung thư là một nhóm lớn các bệnh liên quan đến sự tăng sinh bất thường của tế bào với khả năng xâm lấn hoặc lan sang các bộ phận khác của cơ thể.",
    "spos": [
      3968,
      4113
    ],
    "entity_1": {
      "text": "tế bào",
      "pos": [
        75,
        80
      ]
    },
    "entity_2": {
      "text": "sự tăng sinh bất thường của tế bào với khả năng xâm lấn hoặc lan sang các bộ phận khác của cơ thể",
      "pos": [
        47,
        143
      ]
    },
    "label": "LOCATION_OF"
  },
  {
    "doc_id": "content/VLSP2020_RE_train/23351115",
    "sent_id": 42,
    "sentence": "Ví dụ, khối u từ ung thư phổi có thể chẹn phế quản dẫn đến ho hoặc viêm phổi; ung thư thực quản có thể làm hẹp thực quản, gây khó khăn hoặc đau khi nuốt; và ung thư đại trực tràng có thể dẫn đến hẹp hoặc tắc nghẽn trong ruột, ảnh hưởng đến việc đi đại tiện.",
    "spos": [
      5674,
      5931
    ],
    "entity_1": {
      "text": "ung thư phổi",
      "pos": [
        17,
        28
      ]
    },
    "entity_2": {
      "text": "khối u",
      "pos": [
        7,
        12
      ]
    },
    "label": "CAUSE"
  },
  {
    "doc_id": "content/VLSP2020_RE_train/23351115",
    "sent_id": 43,
    "sentence": "Ví dụ, khối u từ ung thư phổi có thể chẹn phế quản dẫn đến ho hoặc viêm phổi; ung thư thực quản có thể làm hẹp thực quản, gây khó khăn hoặc đau khi nuốt; và ung thư đại trực tràng có thể dẫn đến hẹp hoặc tắc nghẽn trong ruột, ảnh hưởng đến việc đi đại tiện.",
    "spos": [
      5674,
      5931
    ],
    "entity_1": {
      "text": "khối u từ ung thư phổi",
      "pos": [
        7,
        28
      ]
    },
    "entity_2": {
      "text": "ho",
      "pos": [
        59,
        60
      ]
    },
    "label": "CAUSE"
  },
  {
    "doc_id": "content/VLSP2020_RE_train/23351115",
    "sent_id": 43,
    "sentence": "Ví dụ, khối u từ ung thư phổi có thể chẹn phế quản dẫn đến ho hoặc viêm phổi; ung thư thực quản có thể làm hẹp thực quản, gây khó khăn hoặc đau khi nuốt; và ung thư đại trực tràng có thể dẫn đến hẹp hoặc tắc nghẽn trong ruột, ảnh hưởng đến việc đi đại tiện.",
    "spos": [
      5674,
      5931
    ],
    "entity_1": {
      "text": "khối u từ ung thư phổi",
      "pos": [
        7,
        28
      ]
    },
    "entity_2": {
      "text": "viêm phổi",
      "pos": [
        67,
        75
      ]
    },
    "label": "CAUSE"
  },
  {
    "doc_id": "content/VLSP2020_RE_train/23351115",
    "sent_id": 44,
    "sentence": "Ví dụ, khối u từ ung thư phổi có thể chẹn phế quản dẫn đến ho hoặc viêm phổi; ung thư thực quản có thể làm hẹp thực quản, gây khó khăn hoặc đau khi nuốt; và ung thư đại trực tràng có thể dẫn đến hẹp hoặc tắc nghẽn trong ruột, ảnh hưởng đến việc đi đại tiện.",
    "spos": [
      5674,
      5931
    ],
    "entity_1": {
      "text": "ung thư thực quản",
      "pos": [
        78,
        94
      ]
    },
    "entity_2": {
      "text": "đau",
      "pos": [
        140,
        142
      ]
    },
    "label": "CAUSE"
  },
  {
    "doc_id": "content/VLSP2020_RE_train/23351115",
    "sent_id": 45,
    "sentence": "Ví dụ, khối u từ ung thư phổi có thể chẹn phế quản dẫn đến ho hoặc viêm phổi; ung thư thực quản có thể làm hẹp thực quản, gây khó khăn hoặc đau khi nuốt; và ung thư đại trực tràng có thể dẫn đến hẹp hoặc tắc nghẽn trong ruột, ảnh hưởng đến việc đi đại tiện.",
    "spos": [
      5674,
      5931
    ],
    "entity_1": {
      "text": "ung thư đại trực tràng",
      "pos": [
        157,
        178
      ]
    },
    "entity_2": {
      "text": "tắc nghẽn trong ruột",
      "pos": [
        204,
        223
      ]
    },
    "label": "CAUSE"
  },
  {
    "doc_id": "content/VLSP2020_RE_train/23351115",
    "sent_id": 51,
    "sentence": "Vết loét có thể gây chảy máu dẫn đến các triệu chứng như ho ra máu (ung thư phổi), thiếu máu hoặc chảy máu ruột  (ung thư ruột kết), tiểu ra máu (ung thư bàng quang) hoặc chảy máu âm đạo bất thường (ung thư nội mạc tử cung hoặc cổ tử cung).",
    "spos": [
      6015,
      6255
    ],
    "entity_1": {
      "text": "Vết loét",
      "pos": [
        0,
        7
      ]
    },
    "entity_2": {
      "text": "thiếu máu",
      "pos": [
        84,
        91
      ]
    },
    "label": "CAUSE"
  },
  {
    "doc_id": "content/VLSP2020_RE_train/23351115",
    "sent_id": 52,
    "sentence": "Vết loét có thể gây chảy máu dẫn đến các triệu chứng như ho ra máu (ung thư phổi), thiếu máu hoặc chảy máu ruột  (ung thư ruột kết), tiểu ra máu (ung thư bàng quang) hoặc chảy máu âm đạo bất thường (ung thư nội mạc tử cung hoặc cổ tử cung).",
    "spos": [
      6015,
      6255
    ],
    "entity_1": {
      "text": "Vết loét",
      "pos": [
        0,
        7
      ]
    },
    "entity_2": {
      "text": "chảy máu ruột",
      "pos": [
        98,
        110
      ]
    },
    "label": "CAUSE"
  },
  {
    "doc_id": "content/VLSP2020_RE_train/23351115",
    "sent_id": 53,
    "sentence": "Vết loét có thể gây chảy máu dẫn đến các triệu chứng như ho ra máu (ung thư phổi), thiếu máu hoặc chảy máu ruột  (ung thư ruột kết), tiểu ra máu (ung thư bàng quang) hoặc chảy máu âm đạo bất thường (ung thư nội mạc tử cung hoặc cổ tử cung).",
    "spos": [
      6015,
      6255
    ],
    "entity_1": {
      "text": "Vết loét",
      "pos": [
        0,
        7
      ]
    },
    "entity_2": {
      "text": "tiểu ra máu",
      "pos": [
        133,
        143
      ]
    },
    "label": "CAUSE"
  },
  {
    "doc_id": "content/VLSP2020_RE_train/23351115",
    "sent_id": 54,
    "sentence": "Vết loét có thể gây chảy máu dẫn đến các triệu chứng như ho ra máu (ung thư phổi), thiếu máu hoặc chảy máu ruột  (ung thư ruột kết), tiểu ra máu (ung thư bàng quang) hoặc chảy máu âm đạo bất thường (ung thư nội mạc tử cung hoặc cổ tử cung).",
    "spos": [
      6015,
      6255
    ],
    "entity_1": {
      "text": "Vết loét",
      "pos": [
        0,
        7
      ]
    },
    "entity_2": {
      "text": "chảy máu âm đạo bất thường",
      "pos": [
        171,
        196
      ]
    },
    "label": "CAUSE"
  },
  {
    "doc_id": "content/VLSP2020_RE_train/23351115",
    "sent_id": 55,
    "sentence": "Vết loét có thể gây chảy máu dẫn đến các triệu chứng như ho ra máu (ung thư phổi), thiếu máu hoặc chảy máu ruột  (ung thư ruột kết), tiểu ra máu (ung thư bàng quang) hoặc chảy máu âm đạo bất thường (ung thư nội mạc tử cung hoặc cổ tử cung).",
    "spos": [
      6015,
      6255
    ],
    "entity_1": {
      "text": "phổi",
      "pos": [
        76,
        79
      ]
    },
    "entity_2": {
      "text": "ung thư phổi",
      "pos": [
        68,
        79
      ]
    },
    "label": "LOCATION_OF"
  },
  {
    "doc_id": "content/VLSP2020_RE_train/23351115",
    "sent_id": 56,
    "sentence": "Vết loét có thể gây chảy máu dẫn đến các triệu chứng như ho ra máu (ung thư phổi), thiếu máu hoặc chảy máu ruột  (ung thư ruột kết), tiểu ra máu (ung thư bàng quang) hoặc chảy máu âm đạo bất thường (ung thư nội mạc tử cung hoặc cổ tử cung).",
    "spos": [
      6015,
      6255
    ],
    "entity_1": {
      "text": "ruột",
      "pos": [
        122,
        125
      ]
    },
    "entity_2": {
      "text": "ung thư ruột kết",
      "pos": [
        113,
        129
      ]
    },
    "label": "LOCATION_OF"
  },
  {
    "doc_id": "content/VLSP2020_RE_train/23351115",
    "sent_id": 57,
    "sentence": "Vết loét có thể gây chảy máu dẫn đến các triệu chứng như ho ra máu (ung thư phổi), thiếu máu hoặc chảy máu ruột  (ung thư ruột kết), tiểu ra máu (ung thư bàng quang) hoặc chảy máu âm đạo bất thường (ung thư nội mạc tử cung hoặc cổ tử cung).",
    "spos": [
      6015,
      6255
    ],
    "entity_1": {
      "text": "bàng quang",
      "pos": [
        154,
        163
      ]
    },
    "entity_2": {
      "text": "ung thư bàng quang",
      "pos": [
        146,
        163
      ]
    },
    "label": "LOCATION_OF"
  },
  {
    "doc_id": "content/VLSP2020_RE_train/23351115",
    "sent_id": 58,
    "sentence": "Vết loét có thể gây chảy máu dẫn đến các triệu chứng như ho ra máu (ung thư phổi), thiếu máu hoặc chảy máu ruột  (ung thư ruột kết), tiểu ra máu (ung thư bàng quang) hoặc chảy máu âm đạo bất thường (ung thư nội mạc tử cung hoặc cổ tử cung).",
    "spos": [
      6015,
      6255
    ],
    "entity_1": {
      "text": "nội mạc tử cung",
      "pos": [
        207,
        221
      ]
    },
    "entity_2": {
      "text": "ung thư nội mạc tử cung hoặc cổ tử cung",
      "pos": [
        199,
        237
      ]
    },
    "label": "LOCATION_OF"
  },
  {
    "doc_id": "content/VLSP2020_RE_train/23351115",
    "sent_id": 59,
    "sentence": "Vết loét có thể gây chảy máu dẫn đến các triệu chứng như ho ra máu (ung thư phổi), thiếu máu hoặc chảy máu ruột  (ung thư ruột kết), tiểu ra máu (ung thư bàng quang) hoặc chảy máu âm đạo bất thường (ung thư nội mạc tử cung hoặc cổ tử cung).",
    "spos": [
      6015,
      6255
    ],
    "entity_1": {
      "text": "cổ tử cung",
      "pos": [
        228,
        237
      ]
    },
    "entity_2": {
      "text": "ung thư nội mạc tử cung hoặc cổ tử cung",
      "pos": [
        199,
        237
      ]
    },
    "label": "LOCATION_OF"
  },
  {
    "doc_id": "content/VLSP2020_RE_train/23351115",
    "sent_id": 60,
    "sentence": "Một số bệnh ung thư có thể gây tích dịch trong ngực hoặc bụng.",
    "spos": [
      6345,
      6407
    ],
    "entity_1": {
      "text": "ung thư",
      "pos": [
        12,
        18
      ]
    },
    "entity_2": {
      "text": "tích dịch trong ngực hoặc bụng",
      "pos": [
        31,
        60
      ]
    },
    "label": "CAUSE"
  },
  {
    "doc_id": "content/VLSP2020_RE_train/23351115",
    "sent_id": 61,
    "sentence": "Một số bệnh ung thư có thể gây tích dịch trong ngực hoặc bụng.",
    "spos": [
      6345,
      6407
    ],
    "entity_1": {
      "text": "ngực",
      "pos": [
        47,
        50
      ]
    },
    "entity_2": {
      "text": "tích dịch trong ngực hoặc bụng",
      "pos": [
        31,
        60
      ]
    },
    "label": "LOCATION_OF"
  },
  {
    "doc_id": "content/VLSP2020_RE_train/23351115",
    "sent_id": 62,
    "sentence": "Một số bệnh ung thư có thể gây tích dịch trong ngực hoặc bụng.",
    "spos": [
      6345,
      6407
    ],
    "entity_1": {
      "text": "bụng",
      "pos": [
        57,
        60
      ]
    },
    "entity_2": {
      "text": "tích dịch trong ngực hoặc bụng",
      "pos": [
        31,
        60
      ]
    },
    "label": "LOCATION_OF"
  },
  {
    "doc_id": "content/VLSP2020_RE_train/23351115",
    "sent_id": 63,
    "sentence": "Một số bệnh ung thư có thể gây ra tình trạng viêm toàn thân dẫn đến mất và yếu cơ liên tục, được gọi là cachexia (đôi khi được dịch là hội chứng suy kiệt). Một số loại ung thư như u lympho Hodgkin, bệnh bạch cầu và ung thư gan hoặc thận có thể gây sốt dai dẳng.Một số triệu chứng toàn thân của bệnh ung thư là do nội tiết tố hoặc các phân tử khác do khối u tạo ra, được gọi là hội chứng cận ung thư.",
    "spos": [
      6610,
      7008
    ],
    "entity_1": {
      "text": "ung thư",
      "pos": [
        12,
        18
      ]
    },
    "entity_2": {
      "text": "viêm toàn thân",
      "pos": [
        45,
        58
      ]
    },
    "label": "CAUSE"
  },
  {
    "doc_id": "content/VLSP2020_RE_train/23351115",
    "sent_id": 64,
    "sentence": "Một số bệnh ung thư có thể gây ra tình trạng viêm toàn thân dẫn đến mất và yếu cơ liên tục, được gọi là cachexia (đôi khi được dịch là hội chứng suy kiệt). Một số loại ung thư như u lympho Hodgkin, bệnh bạch cầu và ung thư gan hoặc thận có thể gây sốt dai dẳng.Một số triệu chứng toàn thân của bệnh ung thư là do nội tiết tố hoặc các phân tử khác do khối u tạo ra, được gọi là hội chứng cận ung thư.",
    "spos": [
      6610,
      7008
    ],
    "entity_1": {
      "text": "ung thư",
      "pos": [
        12,
        18
      ]
    },
    "entity_2": {
      "text": "mất và yếu cơ liên tục",
      "pos": [
        68,
        89
      ]
    },
    "label": "CAUSE"
  },
  {
    "doc_id": "content/VLSP2020_RE_train/23351115",
    "sent_id": 65,
    "sentence": "Một số bệnh ung thư có thể gây ra tình trạng viêm toàn thân dẫn đến mất và yếu cơ liên tục, được gọi là cachexia (đôi khi được dịch là hội chứng suy kiệt). Một số loại ung thư như u lympho Hodgkin, bệnh bạch cầu và ung thư gan hoặc thận có thể gây sốt dai dẳng.Một số triệu chứng toàn thân của bệnh ung thư là do nội tiết tố hoặc các phân tử khác do khối u tạo ra, được gọi là hội chứng cận ung thư.",
    "spos": [
      6610,
      7008
    ],
    "entity_1": {
      "text": "u lympho Hodgkin",
      "pos": [
        180,
        195
      ]
    },
    "entity_2": {
      "text": "sốt dai dẳng",
      "pos": [
        248,
        259
      ]
    },
    "label": "CAUSE"
  },
  {
    "doc_id": "content/VLSP2020_RE_train/23351115",
    "sent_id": 66,
    "sentence": "Một số bệnh ung thư có thể gây ra tình trạng viêm toàn thân dẫn đến mất và yếu cơ liên tục, được gọi là cachexia (đôi khi được dịch là hội chứng suy kiệt). Một số loại ung thư như u lympho Hodgkin, bệnh bạch cầu và ung thư gan hoặc thận có thể gây sốt dai dẳng.Một số triệu chứng toàn thân của bệnh ung thư là do nội tiết tố hoặc các phân tử khác do khối u tạo ra, được gọi là hội chứng cận ung thư.",
    "spos": [
      6610,
      7008
    ],
    "entity_1": {
      "text": "bệnh bạch cầu",
      "pos": [
        198,
        210
      ]
    },
    "entity_2": {
      "text": "sốt dai dẳng",
      "pos": [
        248,
        259
      ]
    },
    "label": "CAUSE"
  },
  {
    "doc_id": "content/VLSP2020_RE_train/23351115",
    "sent_id": 67,
    "sentence": "Một số bệnh ung thư có thể gây ra tình trạng viêm toàn thân dẫn đến mất và yếu cơ liên tục, được gọi là cachexia (đôi khi được dịch là hội chứng suy kiệt). Một số loại ung thư như u lympho Hodgkin, bệnh bạch cầu và ung thư gan hoặc thận có thể gây sốt dai dẳng.Một số triệu chứng toàn thân của bệnh ung thư là do nội tiết tố hoặc các phân tử khác do khối u tạo ra, được gọi là hội chứng cận ung thư.",
    "spos": [
      6610,
      7008
    ],
    "entity_1": {
      "text": "ung thư gan hoặc thận",
      "pos": [
        215,
        235
      ]
    },
    "entity_2": {
      "text": "sốt dai dẳng",
      "pos": [
        248,
        259
      ]
    },
    "label": "CAUSE"
  },
  {
    "doc_id": "content/VLSP2020_RE_train/23351115",
    "sent_id": 68,
    "sentence": "Một số bệnh ung thư có thể gây ra tình trạng viêm toàn thân dẫn đến mất và yếu cơ liên tục, được gọi là cachexia (đôi khi được dịch là hội chứng suy kiệt). Một số loại ung thư như u lympho Hodgkin, bệnh bạch cầu và ung thư gan hoặc thận có thể gây sốt dai dẳng.Một số triệu chứng toàn thân của bệnh ung thư là do nội tiết tố hoặc các phân tử khác do khối u tạo ra, được gọi là hội chứng cận ung thư.",
    "spos": [
      6610,
      7008
    ],
    "entity_1": {
      "text": "gan",
      "pos": [
        223,
        225
      ]
    },
    "entity_2": {
      "text": "ung thư gan hoặc thận",
      "pos": [
        215,
        235
      ]
    },
    "label": "LOCATION_OF"
  },
  {
    "doc_id": "content/VLSP2020_RE_train/23351115",
    "sent_id": 69,
    "sentence": "Một số bệnh ung thư có thể gây ra tình trạng viêm toàn thân dẫn đến mất và yếu cơ liên tục, được gọi là cachexia (đôi khi được dịch là hội chứng suy kiệt). Một số loại ung thư như u lympho Hodgkin, bệnh bạch cầu và ung thư gan hoặc thận có thể gây sốt dai dẳng.Một số triệu chứng toàn thân của bệnh ung thư là do nội tiết tố hoặc các phân tử khác do khối u tạo ra, được gọi là hội chứng cận ung thư.",
    "spos": [
      6610,
      7008
    ],
    "entity_1": {
      "text": "thận",
      "pos": [
        232,
        235
      ]
    },
    "entity_2": {
      "text": "ung thư gan hoặc thận",
      "pos": [
        215,
        235
      ]
    },
    "label": "LOCATION_OF"
  },
  {
    "doc_id": "content/VLSP2020_RE_train/23351115",
    "sent_id": 70,
    "sentence": "Các hội chứng cận ung thư phổ biến bao gồm tăng calci huyết dẫn đến trạng thái tinh thần thay đổi, táo bón và mất nước, hoặc hạ natri huyết cũng có thể khiến tâm trạng thay đổi, nôn mửa, đau đầu hoặc co giật.",
    "spos": [
      7011,
      7219
    ],
    "entity_1": {
      "text": "tăng calci huyết",
      "pos": [
        43,
        58
      ]
    },
    "entity_2": {
      "text": "táo bón",
      "pos": [
        99,
        105
      ]
    },
    "label": "CAUSE"
  },
  {
    "doc_id": "content/VLSP2020_RE_train/23351115",
    "sent_id": 71,
    "sentence": "Các hội chứng cận ung thư phổ biến bao gồm tăng calci huyết dẫn đến trạng thái tinh thần thay đổi, táo bón và mất nước, hoặc hạ natri huyết cũng có thể khiến tâm trạng thay đổi, nôn mửa, đau đầu hoặc co giật.",
    "spos": [
      7011,
      7219
    ],
    "entity_1": {
      "text": "tăng calci huyết",
      "pos": [
        43,
        58
      ]
    },
    "entity_2": {
      "text": "mất nước",
      "pos": [
        110,
        117
      ]
    },
    "label": "CAUSE"
  },
  {
    "doc_id": "content/VLSP2020_RE_train/23351115",
    "sent_id": 72,
    "sentence": "Các hội chứng cận ung thư phổ biến bao gồm tăng calci huyết dẫn đến trạng thái tinh thần thay đổi, táo bón và mất nước, hoặc hạ natri huyết cũng có thể khiến tâm trạng thay đổi, nôn mửa, đau đầu hoặc co giật.",
    "spos": [
      7011,
      7219
    ],
    "entity_1": {
      "text": "hạ natri huyết",
      "pos": [
        125,
        138
      ]
    },
    "entity_2": {
      "text": "nôn mửa",
      "pos": [
        178,
        184
      ]
    },
    "label": "CAUSE"
  },
  {
    "doc_id": "content/VLSP2020_RE_train/23351115",
    "sent_id": 73,
    "sentence": "Các hội chứng cận ung thư phổ biến bao gồm tăng calci huyết dẫn đến trạng thái tinh thần thay đổi, táo bón và mất nước, hoặc hạ natri huyết cũng có thể khiến tâm trạng thay đổi, nôn mửa, đau đầu hoặc co giật.",
    "spos": [
      7011,
      7219
    ],
    "entity_1": {
      "text": "hạ natri huyết",
      "pos": [
        125,
        138
      ]
    },
    "entity_2": {
      "text": "đau đầu",
      "pos": [
        187,
        193
      ]
    },
    "label": "CAUSE"
  },
  {
    "doc_id": "content/VLSP2020_RE_train/23351115",
    "sent_id": 74,
    "sentence": "Các hội chứng cận ung thư phổ biến bao gồm tăng calci huyết dẫn đến trạng thái tinh thần thay đổi, táo bón và mất nước, hoặc hạ natri huyết cũng có thể khiến tâm trạng thay đổi, nôn mửa, đau đầu hoặc co giật.",
    "spos": [
      7011,
      7219
    ],
    "entity_1": {
      "text": "hạ natri huyết",
      "pos": [
        125,
        138
      ]
    },
    "entity_2": {
      "text": "co giật",
      "pos": [
        200,
        206
      ]
    },
    "label": "CAUSE"
  },
  {
    "doc_id": "content/VLSP2020_RE_train/23351115",
    "sent_id": 75,
    "sentence": "Các triệu chứng của ung thư di căn phụ thuộc vào vị trí khối u và có thể kể đến như sưng hạch bạch huyết (có thể sờ hoặc nhìn thấy dưới da và thường cứng), gan hoặc lá lách phình to (có thể cảm nhận được ở vùng bụng), đau hoặc gãy các xương bị ảnh hưởng (với các ung thư liên quan đến xương) và các triệu chứng thần kinh.",
    "spos": [
      7648,
      7969
    ],
    "entity_1": {
      "text": "ung thư di căn",
      "pos": [
        20,
        33
      ]
    },
    "entity_2": {
      "text": "sưng hạch bạch huyết",
      "pos": [
        84,
        103
      ]
    },
    "label": "CAUSE"
  },
  {
    "doc_id": "content/VLSP2020_RE_train/23351115",
    "sent_id": 76,
    "sentence": "Các triệu chứng của ung thư di căn phụ thuộc vào vị trí khối u và có thể kể đến như sưng hạch bạch huyết (có thể sờ hoặc nhìn thấy dưới da và thường cứng), gan hoặc lá lách phình to (có thể cảm nhận được ở vùng bụng), đau hoặc gãy các xương bị ảnh hưởng (với các ung thư liên quan đến xương) và các triệu chứng thần kinh.",
    "spos": [
      7648,
      7969
    ],
    "entity_1": {
      "text": "ung thư di căn",
      "pos": [
        20,
        33
      ]
    },
    "entity_2": {
      "text": "gan hoặc lá lách phình to",
      "pos": [
        156,
        180
      ]
    },
    "label": "CAUSE"
  },
  {
    "doc_id": "content/VLSP2020_RE_train/23351115",
    "sent_id": 77,
    "sentence": "Các triệu chứng của ung thư di căn phụ thuộc vào vị trí khối u và có thể kể đến như sưng hạch bạch huyết (có thể sờ hoặc nhìn thấy dưới da và thường cứng), gan hoặc lá lách phình to (có thể cảm nhận được ở vùng bụng), đau hoặc gãy các xương bị ảnh hưởng (với các ung thư liên quan đến xương) và các triệu chứng thần kinh.",
    "spos": [
      7648,
      7969
    ],
    "entity_1": {
      "text": "ung thư di căn",
      "pos": [
        20,
        33
      ]
    },
    "entity_2": {
      "text": "đau hoặc gãy các xương bị ảnh hưởng",
      "pos": [
        218,
        252
      ]
    },
    "label": "CAUSE"
  },
  {
    "doc_id": "content/VLSP2020_RE_train/23351115",
    "sent_id": 78,
    "sentence": "Các triệu chứng của ung thư di căn phụ thuộc vào vị trí khối u và có thể kể đến như sưng hạch bạch huyết (có thể sờ hoặc nhìn thấy dưới da và thường cứng), gan hoặc lá lách phình to (có thể cảm nhận được ở vùng bụng), đau hoặc gãy các xương bị ảnh hưởng (với các ung thư liên quan đến xương) và các triệu chứng thần kinh.",
    "spos": [
      7648,
      7969
    ],
    "entity_1": {
      "text": "ung thư di căn",
      "pos": [
        20,
        33
      ]
    },
    "entity_2": {
      "text": "triệu chứng thần kinh",
      "pos": [
        299,
        319
      ]
    },
    "label": "CAUSE"
  },
  {
    "doc_id": "content/VLSP2020_RE_train/23351115",
    "sent_id": 79,
    "sentence": "Các triệu chứng của ung thư di căn phụ thuộc vào vị trí khối u và có thể kể đến như sưng hạch bạch huyết (có thể sờ hoặc nhìn thấy dưới da và thường cứng), gan hoặc lá lách phình to (có thể cảm nhận được ở vùng bụng), đau hoặc gãy các xương bị ảnh hưởng (với các ung thư liên quan đến xương) và các triệu chứng thần kinh.",
    "spos": [
      7648,
      7969
    ],
    "entity_1": {
      "text": "gan",
      "pos": [
        156,
        158
      ]
    },
    "entity_2": {
      "text": "gan hoặc lá lách phình to",
      "pos": [
        156,
        180
      ]
    },
    "label": "LOCATION_OF"
  },
  {
    "doc_id": "content/VLSP2020_RE_train/23351115",
    "sent_id": 80,
    "sentence": "Các triệu chứng của ung thư di căn phụ thuộc vào vị trí khối u và có thể kể đến như sưng hạch bạch huyết (có thể sờ hoặc nhìn thấy dưới da và thường cứng), gan hoặc lá lách phình to (có thể cảm nhận được ở vùng bụng), đau hoặc gãy các xương bị ảnh hưởng (với các ung thư liên quan đến xương) và các triệu chứng thần kinh.",
    "spos": [
      7648,
      7969
    ],
    "entity_1": {
      "text": "lá lách",
      "pos": [
        165,
        171
      ]
    },
    "entity_2": {
      "text": "gan hoặc lá lách phình to",
      "pos": [
        156,
        180
      ]
    },
    "label": "LOCATION_OF"
  },
  {
    "doc_id": "content/VLSP2020_RE_train/23351115",
    "sent_id": 81,
    "sentence": "Các triệu chứng của ung thư di căn phụ thuộc vào vị trí khối u và có thể kể đến như sưng hạch bạch huyết (có thể sờ hoặc nhìn thấy dưới da và thường cứng), gan hoặc lá lách phình to (có thể cảm nhận được ở vùng bụng), đau hoặc gãy các xương bị ảnh hưởng (với các ung thư liên quan đến xương) và các triệu chứng thần kinh.",
    "spos": [
      7648,
      7969
    ],
    "entity_1": {
      "text": "xương",
      "pos": [
        235,
        239
      ]
    },
    "entity_2": {
      "text": "đau hoặc gãy các xương bị ảnh hưởng ",
      "pos": [
        218,
        252
      ]
    },
    "label": "LOCATION_OF"
  },
  {
    "doc_id": "content/VLSP2020_RE_train/23351115",
    "sent_id": 82,
    "sentence": "Đại đa số các bệnh ung thư, tức khoảng 90–95% các trường hợp, là do các đột biến gen do các yếu tố môi trường và lối sống. 5–10% còn lại là do các yếu tố di truyền.",
    "spos": [
      7986,
      8150
    ],
    "entity_1": {
      "text": "đột biến gen ",
      "pos": [
        72,
        83
      ]
    },
    "entity_2": {
      "text": "ung thư",
      "pos": [
        19,
        25
      ]
    },
    "label": "CAUSE"
  },
  {
    "doc_id": "content/VLSP2020_RE_train/23351115",
    "sent_id": 83,
    "sentence": "Đại đa số các bệnh ung thư, tức khoảng 90–95% các trường hợp, là do các đột biến gen do các yếu tố môi trường và lối sống. 5–10% còn lại là do các yếu tố di truyền.",
    "spos": [
      7986,
      8150
    ],
    "entity_1": {
      "text": "các yếu tố di truyền",
      "pos": [
        143,
        162
      ]
    },
    "entity_2": {
      "text": "ung thư",
      "pos": [
        19,
        25
      ]
    },
    "label": "CAUSE"
  },
  {
    "doc_id": "content/VLSP2020_RE_train/23351115",
    "sent_id": 84,
    "sentence": "Ngoài ra, khói thuốc cũng là nguyên nhân gây ung thư ở thanh quản, đầu, cổ, dạ dày, bàng quang, thận, thực quản và tuyến tụy.",
    "spos": [
      9585,
      9710
    ],
    "entity_1": {
      "text": "thanh quản",
      "pos": [
        55,
        64
      ]
    },
    "entity_2": {
      "text": "ung thư ở thanh quản, đầu, cổ, dạ dày, bàng quang, thận, thực quản và tuyến tụy",
      "pos": [
        45,
        123
      ]
    },
    "label": "LOCATION_OF"
  },
  {
    "doc_id": "content/VLSP2020_RE_train/23351115",
    "sent_id": 85,
    "sentence": "Ngoài ra, khói thuốc cũng là nguyên nhân gây ung thư ở thanh quản, đầu, cổ, dạ dày, bàng quang, thận, thực quản và tuyến tụy.",
    "spos": [
      9585,
      9710
    ],
    "entity_1": {
      "text": "đầu",
      "pos": [
        67,
        69
      ]
    },
    "entity_2": {
      "text": "ung thư ở thanh quản, đầu, cổ, dạ dày, bàng quang, thận, thực quản và tuyến tụy",
      "pos": [
        45,
        123
      ]
    },
    "label": "LOCATION_OF"
  },
  {
    "doc_id": "content/VLSP2020_RE_train/23351115",
    "sent_id": 91,
    "sentence": "Ngoài ra, khói thuốc cũng là nguyên nhân gây ung thư ở thanh quản, đầu, cổ, dạ dày, bàng quang, thận, thực quản và tuyến tụy.",
    "spos": [
      9585,
      9710
    ],
    "entity_1": {
      "text": "tuyến tụy",
      "pos": [
        102, 
        110
      ]
    },
    "entity_2": {
      "text": "ung thư ở thanh quản, đầu, cổ, dạ dày, bàng quang, thận, thực quản và tuyến tụy",
      "pos": [
        115,
        123
      ]
    },
    "label": "LOCATION_OF"
  },
  {
    "doc_id": "content/VLSP2020_RE_train/23351115",
    "sent_id": 92,
    "sentence": "Mối tương quan giữa tỷ lệ tử vong do ung thư phổi và tiêu thụ thuốc lá trở nên rất rõ ràng khi được đặt lên biểu đồ, khi tiêu thụ thuốc là tăng mạnh thì tỷ lệ tử vong do ung thư phổi cũng nhảy vọt và gần đây, sự giảm trong tiêu thụ thuốc lá vào những năm 1950 được theo sau bởi sự giảm tỷ lệ tử vong do ung thư phổi ở nam giới vào những năm 1990.Ở Tây Âu, 10% ung thư ở nam và 3% ung thư ở nữ có nguyên nhân liên quan đến rượu, đặc biệt là ung thư gan và đường tiêu hóa.",
    "spos": [
      9967,
      10437
    ],
    "entity_1": {
      "text": "phổi",
      "pos": [
        45, 
        48
      ]
    },
    "entity_2": {
      "text": "ung thư phổi",
      "pos": [
        37,
        48
      ]
    },
    "label": "LOCATION_OF"
  },
  {
    "doc_id": "content/VLSP2020_RE_train/23351115",
    "sent_id": 93,
    "sentence": "Mối tương quan giữa tỷ lệ tử vong do ung thư phổi và tiêu thụ thuốc lá trở nên rất rõ ràng khi được đặt lên biểu đồ, khi tiêu thụ thuốc là tăng mạnh thì tỷ lệ tử vong do ung thư phổi cũng nhảy vọt và gần đây, sự giảm trong tiêu thụ thuốc lá vào những năm 1950 được theo sau bởi sự giảm tỷ lệ tử vong do ung thư phổi ở nam giới vào những năm 1990.Ở Tây Âu, 10% ung thư ở nam và 3% ung thư ở nữ có nguyên nhân liên quan đến rượu, đặc biệt là ung thư gan và đường tiêu hóa.",
    "spos": [
      9967,
      10437
    ],
    "entity_1": {
      "text": "gan",
      "pos": [
        448, 
        450
      ]
    },
    "entity_2": {
      "text": "ung thư gan",
      "pos": [
        440,
        450
      ]
    },
    "label": "LOCATION_OF"
  },
  {
    "doc_id": "content/VLSP2020_RE_train/23351115",
    "sent_id": 94,
    "sentence": "Các bệnh ung thư như ung thư phổi và ung thư trung mạc có thể xuất phát từ việc hít phải khói thuốc lá hoặc sợi amiăng, một ví dụ khác là ung thư bạch cầu có thể có nguyên nhân từ việc tiếp xúc với benzen.",
    "spos": [
      10574,
      10779
    ],
    "entity_1": {
      "text": "trung mạc",
      "pos": [
        45, 
        53
      ]
    },
    "entity_2": {
      "text": "ung thư trung mạc",
      "pos": [
        37,
        53
      ]
    },
    "label": "LOCATION_OF"
  },
  {
    "doc_id": "content/VLSP2020_RE_train/23351115",
    "sent_id": 95,
    "sentence": "Các bệnh ung thư như ung thư phổi và ung thư trung mạc có thể xuất phát từ việc hít phải khói thuốc lá hoặc sợi amiăng, một ví dụ khác là ung thư bạch cầu có thể có nguyên nhân từ việc tiếp xúc với benzen.",
    "spos": [
      10574,
      10779
    ],
    "entity_1": {
      "text": "bạch cầu",
      "pos": [
        146, 
        153
      ]
    },
    "entity_2": {
      "text": "ung thư bạch cầu",
      "pos": [
        138,
        153
      ]
    },
    "label": "LOCATION_OF"
  },
  {
    "doc_id": "content/VLSP2020_RE_train/23351115",
    "sent_id": 96,
    "sentence": "Tại Hoa Kỳ, thừa cân có liên quan đến sự phát triển của nhiều loại ung thư và có liên quan đến 14–20% các ca tử vong do ung thư.",
    "spos": [
      10914,
      10917
    ],
    "entity_1": {
      "text": "thừa cân",
      "pos": [
        12, 
        19
      ]
    },
    "entity_2": {
      "text": "ung thư",
      "pos": [
        67,
        73
      ]
    },
    "label": "CAUSE"
  },
  {
    "doc_id": "content/VLSP2020_RE_train/23351115",
    "sent_id": 98,
    "sentence": "Chế độ ăn nhiều muối có liên quan đến ung thư dạ dày.",
    "spos": [
      11676,
      11729
    ],
    "entity_1": {
      "text": "dạ dày",
      "pos": [
        46, 
        51
      ]
    },
    "entity_2": {
      "text": "ung thư dạ dày",
      "pos": [
        38,
        51
      ]
    },
    "label": "LOCATION_OF"
  },
  {
    "doc_id": "content/VLSP2020_RE_train/23351115",
    "sent_id": 99,
    "sentence": "Nhai hạt cau có thể gây ung thư miệng.",
    "spos": [
      11801,
      11839
    ],
    "entity_1": {
      "text": "miệng",
      "pos": [
        32, 
        36
      ]
    },
    "entity_2": {
      "text": "ung thư miệng",
      "pos": [
        24,
        36
      ]
    },
    "label": "LOCATION_OF"
  },
  {
    "doc_id": "content/VLSP2020_RE_train/23351115",
    "sent_id": 100,
    "sentence": "Ví dụ, ung thư dạ dày phổ biến hơn ở Nhật Bản do chế độ ăn nhiều muối trong khi ung thư ruột kết phổ biến hơn ở Hoa Kỳ.",
    "spos": [
      11952,
      12071
    ],
    "entity_1": {
      "text": "ruột kết",
      "pos": [
        88, 
        95
      ]
    },
    "entity_2": {
      "text": "ung thư ruột kết",
      "pos": [
        80,
        95
      ]
    },
    "label": "LOCATION_OF"
  },
  {
    "doc_id": "content/VLSP2020_RE_train/23351115",
    "sent_id": 101,
    "sentence": "Một số loại virus sinh ung (virus có thể gây ung thư, tiếng Anh: Oncovirus) có thể kể đến như virus papilloma ở người (ung thư cổ tử cung), virus Epstein – Barr (bệnh tăng sinh lympho bào B và ung thư vòm họng), virus herpes Kaposi's sarcoma (ung thư Kaposi và u lympho tràn dịch nguyên phát), virus viêm gan B và viêm gan C (ung thư biểu mô tế bào gan) và virus gây bệnh bạch cầu tế bào T ở người loại 1 (ung thư lympho bào T).",
    "spos": [
      12547,
      12975
    ],
    "entity_1": {
      "text": "virus papilloma",
      "pos": [
        94, 
        108
      ]
    },
    "entity_2": {
      "text": "ung thư cổ tử cung",
      "pos": [
        119,
        136
      ]
    },
    "label": "CAUSE"
  },
  {
    "doc_id": "content/VLSP2020_RE_train/23351115",
    "sent_id": 102,
    "sentence": "Một số loại virus sinh ung (virus có thể gây ung thư, tiếng Anh: Oncovirus) có thể kể đến như virus papilloma ở người (ung thư cổ tử cung), virus Epstein – Barr (bệnh tăng sinh lympho bào B và ung thư vòm họng), virus herpes Kaposi's sarcoma (ung thư Kaposi và u lympho tràn dịch nguyên phát), virus viêm gan B và viêm gan C (ung thư biểu mô tế bào gan) và virus gây bệnh bạch cầu tế bào T ở người loại 1 (ung thư lympho bào T).",
    "spos": [
      12547,
      12975
    ],
    "entity_1": {
      "text": "virus Epstein – Barr",
      "pos": [
        140, 
        159
      ]
    },
    "entity_2": {
      "text": "bệnh tăng sinh lympho bào B",
      "pos": [
        162,
        188
      ]
    },
    "label": "CAUSE"
  },
  {
    "doc_id": "content/VLSP2020_RE_train/23351115",
    "sent_id": 103,
    "sentence": "Một số loại virus sinh ung (virus có thể gây ung thư, tiếng Anh: Oncovirus) có thể kể đến như virus papilloma ở người (ung thư cổ tử cung), virus Epstein – Barr (bệnh tăng sinh lympho bào B và ung thư vòm họng), virus herpes Kaposi's sarcoma (ung thư Kaposi và u lympho tràn dịch nguyên phát), virus viêm gan B và viêm gan C (ung thư biểu mô tế bào gan) và virus gây bệnh bạch cầu tế bào T ở người loại 1 (ung thư lympho bào T).",
    "spos": [
      12547,
      12975
    ],
    "entity_1": {
      "text": "virus Epstein – Barr",
      "pos": [
        140, 
        159
      ]
    },
    "entity_2": {
      "text": "ung thư vòm họng",
      "pos": [
        193,
        203
      ]
    },
    "label": "CAUSE"
  },
  {
    "doc_id": "content/VLSP2020_RE_train/23351115",
    "sent_id": 105,
    "sentence": "Một số loại virus sinh ung (virus có thể gây ung thư, tiếng Anh: Oncovirus) có thể kể đến như virus papilloma ở người (ung thư cổ tử cung), virus Epstein – Barr (bệnh tăng sinh lympho bào B và ung thư vòm họng), virus herpes Kaposi's sarcoma (ung thư Kaposi và u lympho tràn dịch nguyên phát), virus viêm gan B và viêm gan C (ung thư biểu mô tế bào gan) và virus gây bệnh bạch cầu tế bào T ở người loại 1 (ung thư lympho bào T).",
    "spos": [
      12547,
      12975
    ],
    "entity_1": {
      "text": "virus viêm gan B và viêm gan C",
      "pos": [
        294, 
        323
      ]
    },
    "entity_2": {
      "text": "ung thư biểu mô tế bào gan",
      "pos": [
        326,
        351
      ]
    },
    "label": "CAUSE"
  },
  {
    "doc_id": "content/VLSP2020_RE_train/23351115",
    "sent_id": 106,
    "sentence": "Một số loại virus sinh ung (virus có thể gây ung thư, tiếng Anh: Oncovirus) có thể kể đến như virus papilloma ở người (ung thư cổ tử cung), virus Epstein – Barr (bệnh tăng sinh lympho bào B và ung thư vòm họng), virus herpes Kaposi's sarcoma (ung thư Kaposi và u lympho tràn dịch nguyên phát), virus viêm gan B và viêm gan C (ung thư biểu mô tế bào gan) và virus gây bệnh bạch cầu tế bào T ở người loại 1 (ung thư lympho bào T).",
    "spos": [
      12547,
      12975
    ],
    "entity_1": {
      "text": "virus gây bệnh bạch cầu tế bào T",
      "pos": [
        357, 
        388
      ]
    },
    "entity_2": {
      "text": "ung thư lympho bào T",
      "pos": [
        406,
        425
      ]
    },
    "label": "CAUSE"
  },
  {
    "doc_id": "content/VLSP2020_RE_train/23351115",
    "sent_id": 107,
    "sentence": "Nhiễm vi khuẩn cũng có thể làm tăng nguy cơ bị một số dạng ung thư nhất định, như ta đã thấy trong ví dụ ung thư biểu mô dạ dày do vi khuẩn Helicobacter pylori gây ra.",
    "spos": [
      12976,
      13143
    ],
    "entity_1": {
      "text": "vi khuẩn Helicobacter pylori",
      "pos": [
        131, 
        158
      ]
    },
    "entity_2": {
      "text": "ung thư biểu mô dạ dày",
      "pos": [
        105,
        126
      ]
    },
    "label": "CAUSE"
  },
  {
    "doc_id": "content/VLSP2020_RE_train/23351115",
    "sent_id": 108,
    "sentence": "Nhiễm vi khuẩn cũng có thể làm tăng nguy cơ bị một số dạng ung thư nhất định, như ta đã thấy trong ví dụ ung thư biểu mô dạ dày do vi khuẩn Helicobacter pylori gây ra.",
    "spos": [
      12976,
      13143
    ],
    "entity_1": {
      "text": "biểu mô dạ dày",
      "pos": [
        113, 
        126
      ]
    },
    "entity_2": {
      "text": "ung thư biểu mô dạ dày",
      "pos": [
        105,
        126
      ]
    },
    "label": "LOCATION_OF"
  },
  {
    "doc_id": "content/VLSP2020_RE_train/23351115",
    "sent_id": 109,
    "sentence": "Một số loại ký sinh trùng có liên quan đến ung thư bao gồm sán máng Schistosoma haematobium (ung thư bàng quang) và sán lá gan, Opisthorchis viverrini và Clonorchis sinensis (ung thư biểu mô đường mật).",
    "spos": [
      13144,
      13346
    ],
    "entity_1": {
      "text": "sán máng Schistosoma haematobium",
      "pos": [
        59, 
        90
      ]
    },
    "entity_2": {
      "text": "ung thư bàng quang",
      "pos": [
        93,
        110
      ]
    },
    "label": "CAUSE"
  },
  {
    "doc_id": "content/VLSP2020_RE_train/23351115",
    "sent_id": 110,
    "sentence": "Một số loại ký sinh trùng có liên quan đến ung thư bao gồm sán máng Schistosoma haematobium (ung thư bàng quang) và sán lá gan, Opisthorchis viverrini và Clonorchis sinensis (ung thư biểu mô đường mật).",
    "spos": [
      13144,
      13346
    ],
    "entity_1": {
      "text": "sán lá gan",
      "pos": [
        116, 
        125
      ]
    },
    "entity_2": {
      "text": "ung thư biểu mô đường mật",
      "pos": [
        175,
        199
      ]
    },
    "label": "CAUSE"
  },
  {
    "doc_id": "content/VLSP2020_RE_train/23351115",
    "sent_id": 111,
    "sentence": "Một số loại ký sinh trùng có liên quan đến ung thư bao gồm sán máng Schistosoma haematobium (ung thư bàng quang) và sán lá gan, Opisthorchis viverrini và Clonorchis sinensis (ung thư biểu mô đường mật).",
    "spos": [
      13144,
      13346
    ],
    "entity_1": {
      "text": "biểu mô đường mật",
      "pos": [
        183, 
        199
      ]
    },
    "entity_2": {
      "text": "ung thư biểu mô đường mật",
      "pos": [
        175,
        199
      ]
    },
    "label": "LOCATION_OF"
  },
  {
    "doc_id": "content/VLSP2020_RE_train/23351115",
    "sent_id": 112,
    "sentence": "Một số loại ký sinh trùng có liên quan đến ung thư bao gồm sán máng Schistosoma haematobium (ung thư bàng quang) và sán lá gan, Opisthorchis viverrini và Clonorchis sinensis (ung thư biểu mô đường mật).",
    "spos": [
      13144,
      13346
    ],
    "entity_1": {
      "text": "bàng quang",
      "pos": [
        101, 
        110
      ]
    },
    "entity_2": {
      "text": "ung thư bàng quang",
      "pos": [
        93,
        110
      ]
    },
    "label": "LOCATION_OF"
  },
  {
    "doc_id": "content/VLSP2020_RE_train/23351115",
    "sent_id": 113,
    "sentence": "Rất nhiều loại ung thư da không phải ung thư hắc tố có nguyên nhân đến từ bức xạ tử ngoại, chủ yếu tới từ ánh sáng mặt trời.",
    "spos": [
      13467,
      13591
    ],
    "entity_1": {
      "text": "da",
      "pos": [
        23, 
        24
      ]
    },
    "entity_2": {
      "text": "ung thư da",
      "pos": [
        15,
        24
      ]
    },
    "label": "LOCATION_OF"
  },
  {
    "doc_id": "content/VLSP2020_RE_train/23351115",
    "sent_id": 114,
    "sentence": "Một số hội chứng có thể kể đến như các đột biến di truyền ở các gen BRCA1 và BRCA2, những người mang các khiếm khuyết này có nguy cơ mắc ung thư vú và ung thư buồng trứng vào khoảng 75%.",
    "spos": [
      15716,
      15902
    ],
    "entity_1": {
      "text": "buồng trứng",
      "pos": [
        159, 
        169
      ]
    },
    "entity_2": {
      "text": "ung thư buồng trứng",
      "pos": [
        151,
        169
      ]
    },
    "label": "LOCATION_OF"
  },
  {
    "doc_id": "content/VLSP2020_RE_train/23351115",
    "sent_id": 117,
    "sentence": "Một ví dụ nổi bật là việc tiếp xúc lâu dài với amiăng - một loại sợi khoáng tự nhiên - là nguyên nhân chính gây nên ung thư trung mạc (ung thư màng thanh dịch), thường là màng thanh dịch bao quanh phổi.",
    "spos": [
      16939,
      17141
    ],
    "entity_1": {
      "text": "trung mạc",
      "pos": [
        124, 
        132
      ]
    },
    "entity_2": {
      "text": "ung thư trung mạc",
      "pos": [
        116,
        132
      ]
    },
    "label": "LOCATION_OF"
  },
  {
    "doc_id": "content/VLSP2020_RE_train/23351115",
    "sent_id": 118,
    "sentence": "Một ví dụ nổi bật là việc tiếp xúc lâu dài với amiăng - một loại sợi khoáng tự nhiên - là nguyên nhân chính gây nên ung thư trung mạc (ung thư màng thanh dịch), thường là màng thanh dịch bao quanh phổi.",
    "spos": [
      16939,
      17141
    ],
    "entity_1": {
      "text": "trung mạc",
      "pos": [
        124, 
        132
      ]
    },
    "entity_2": {
      "text": "ung thư trung mạc",
      "pos": [
        116,
        132
      ]
    },
    "label": "LOCATION_OF"
  },
  {
    "doc_id": "content/VLSP2020_RE_train/23351115",
    "sent_id": 119,
    "sentence": "Tương tự, chấn thương cơ học không được chấp nhận là nguyên nhân gây ra ung thư cổ tử cung, ung thư vú hoặc ung thư não.",
    "spos": [
      17893,
      18013
    ],
    "entity_1": {
      "text": "não",
      "pos": [
        116, 
        118
      ]
    },
    "entity_2": {
      "text": "ung thư não",
      "pos": [
        108,
        118
      ]
    },
    "label": "LOCATION_OF"
  },
  {
    "doc_id": "content/VLSP2020_RE_train/23351115",
    "sent_id": 120,
    "sentence": "Uống trà quá nóng thường xuyên cũng có thể gây ung thư thực quản.",
    "spos": [
      18381,
      18446
    ],
    "entity_1": {
      "text": "thực quản",
      "pos": [
        55, 
        63
      ]
    },
    "entity_2": {
      "text": "ung thư thực quản",
      "pos": [
        47,
        63
      ]
    },
    "label": "LOCATION_OF"
  },
  {
    "doc_id": "content/VLSP2020_RE_train/23351115",
    "sent_id": 121,
    "sentence": "Nồng độ hormone cao có thể là lý do khiến nguy cơ ung thư vú của những người này cao hơn mức bình thường, ngay cả khi họ không có gen ung thư vú.",
    "spos": [
      19836,
      19981
    ],
    "entity_1": {
      "text": "Nồng độ hormone cao",
      "pos": [
        0, 
        18
      ]
    },
    "entity_2": {
      "text": "ung thư vú",
      "pos": [
        50,
        59
      ]
    },
    "label": "CAUSE"
  },
  {
    "doc_id": "content/VLSP2020_RE_train/23351115",
    "sent_id": 122,
    "sentence": "Những người bị bệnh celiac không được điều trị có nguy cơ mắc ung thư cao hơn, nhưng nguy cơ này giảm dần theo thời gian sau khi chẩn đoán và điều trị nghiêm ngặt; nguyên nhân cho sự giảm này có thể là do áp dụng chế độ ăn không có gluten, dường như có vai trò bảo vệ chống lại sự phát triển của bệnh ác tính ở những người bị bệnh celiac.",
    "spos": [
      21028,
      21366
    ],
    "entity_1": {
      "text": "chế độ ăn không có gluten",
      "pos": [
        213, 
        237
      ]
    },
    "entity_2": {
      "text": "bệnh ác tính",
      "pos": [
        296,
        307
      ]
    },
    "label": "TREAT"
  },
  {
    "doc_id": "content/VLSP2020_RE_train/23351115",
    "sent_id": 123,
    "sentence": "Tương tự như vậy, tỷ lệ ung thư đường tiêu hóa là cao hơn ở những người bị bệnh Crohn và viêm loét đại tràng, liên quan đến viêm mãn tính.",
    "spos": [
      21485,
      21623
    ],
    "entity_1": {
      "text": "đường tiêu hóa",
      "pos": [
        32, 
        45
      ]
    },
    "entity_2": {
      "text": "ung thư đường tiêu hóa",
      "pos": [
        24,
        45
      ]
    },
    "label": "LOCATION_OF"
  },
  {
    "doc_id": "content/VLSP2020_RE_train/23351115",
    "sent_id": 124,
    "sentence": "Tương tự như vậy, tỷ lệ ung thư đường tiêu hóa là cao hơn ở những người bị bệnh Crohn và viêm loét đại tràng, liên quan đến viêm mãn tính.",
    "spos": [
      21485,
      21623
    ],
    "entity_1": {
      "text": "đại tràng",
      "pos": [
        100, 
        107
      ]
    },
    "entity_2": {
      "text": "viêm loét đại tràng",
      "pos": [
        89,
        107
      ]
    },
    "label": "LOCATION_OF"
  },
  {
    "doc_id": "content/VLSP2020_RE_train/23351115",
    "sent_id": 125,
    "sentence": "Ung thư bạch huyết (Lymphoma) và bệnh bạch cầu (Leukemia): Hai nhóm ung thư này phát sinh từ các tế bào tạo máu rời khỏi tủy xương và có xu hướng trưởng thành trong hạch bạch huyết và máu, lần lượt theo thứ tự.",
    "spos": [
      35600,
      35810
    ],
    "entity_1": {
      "text": "bạch huyết",
      "pos": [
        8, 
        17
      ]
    },
    "entity_2": {
      "text": "Ung thư bạch huyết",
      "pos": [
        0,
        17
      ]
    },
    "label": "LOCATION_OF"
  },
  {
    "doc_id": "content/VLSP2020_RE_train/23351115",
    "sent_id": 126,
    "sentence": "Ung thư tế bào mầm: Các khối ung thư có nguồn gốc từ các tế bào đa năng, thường gặp nhiều nhất ở tinh hoàn hoặc buồng trứng - với tên gọi tương ứng là u tinh bào (Seminoma) và u nghịch mầm (Dysgerminoma).",
    "spos": [
      35812,
      36016
    ],
    "entity_1": {
      "text": "tế bào mầm",
      "pos": [
        8, 
        17
      ]
    },
    "entity_2": {
      "text": "Ung thư tế bào mầm",
      "pos": [
        0,
        17
      ]
    },
    "label": "LOCATION_OF"
  },
  {
    "doc_id": "content/VLSP2020_RE_train/23351115",
    "sent_id": 127,
    "sentence": "Ung thư nguyên bào (Blastoma): Ung thư có nguồn gốc từ các tế bào tiền thân chưa trưởng thành hoặc từ mô phôi.Trong tiếng Anh, ung thư thường được đặt tên bằng cách sử dụng các cụm -carcinoma, -sarcoma hoặc -blastoma làm hậu tố, còn từ gốc là tên cơ quan hoặc mô khởi phát ung thư trong tiếng Latin hoặc tiếng Hy Lạp.",
    "spos": [
      36018,
      36337
    ],
    "entity_1": {
      "text": "nguyên bào",
      "pos": [
        8, 
        17
      ]
    },
    "entity_2": {
      "text": "Ung thư nguyên bào",
      "pos": [
        0,
        17
      ]
    },
    "label": "LOCATION_OF"
  },
  {
    "doc_id": "content/VLSP2020_RE_train/23351115",
    "sent_id": 128,
    "sentence": "Trong cộng đồng nói chung, các loại thuốc chống viêm không steroid (NSAID) có thể làm giảm nguy cơ ung thư đại trực tràng; tuy nhiên, do thuốc có gây ra các tác dụng phụ về tim mạch và đường tiêu hóa, sử dụng loại dược phẩm này để phòng ngừa thì nhìn chung là lợi bất cập hại.",
    "spos": [
      40487,
      40763
    ],
    "entity_1": {
      "text": "thuốc chống viêm không steroid",
      "pos": [
        36, 
        65
      ]
    },
    "entity_2": {
      "text": "ung thư đại trực tràng",
      "pos": [
        99,
        120
      ]
    },
    "label": "PREVENT"
  },
  {
    "doc_id": "content/VLSP2020_RE_train/23351115",
    "sent_id": 129,
    "sentence": "Aspirin đã được chứng minh là làm giảm nguy cơ tử vong do ung thư khoảng 7%",
    "spos": [
      40764,
      40840
    ],
    "entity_1": {
      "text": "Aspirin",
      "pos": [
        0, 
        6
      ]
    },
    "entity_2": {
      "text": "tử vong",
      "pos": [
        47,
        53
      ]
    },
    "label": "PREVENT"
  },
  {
    "doc_id": "content/VLSP2020_RE_train/23351115",
    "sent_id": 130,
    "sentence": "Sử dụng tamoxifen hoặc raloxifene hàng ngày có thể làm giảm nguy cơ ung thư vú ở phụ nữ có nguy cơ cao.",
    "spos": [
      41009,
      41112
    ],
    "entity_1": {
      "text": "tamoxifen",
      "pos": [
        8, 
        16
      ]
    },
    "entity_2": {
      "text": "ung thư vú",
      "pos": [
        68,
        77
      ]
    },
    "label": "PREVENT"
  },
   {
    "doc_id": "content/VLSP2020_RE_train/23351115",
    "sent_id": 131,
    "sentence": "Sử dụng tamoxifen hoặc raloxifene hàng ngày có thể làm giảm nguy cơ ung thư vú ở phụ nữ có nguy cơ cao.",
    "spos": [
      41009,
      41112
    ],
    "entity_1": {
      "text": "raloxifene",
      "pos": [
        23, 
        32
      ]
    },
    "entity_2": {
      "text": "ung thư vú",
      "pos": [
        68,
        77
      ]
    },
    "label": "PREVENT"
  },
  {
    "doc_id": "content/VLSP2020_RE_train/23351115",
    "sent_id": 132,
    "sentence": "Bổ sung selen cũng chưa được chứng minh là có thể làm giảm nguy cơ ung thư.",
    "spos": [
      42146,
      42221
    ],
    "entity_1": {
      "text": "selen",
      "pos": [
        8, 
        12
      ]
    },
    "entity_2": {
      "text": "ung thư",
      "pos": [
        67,
        73
      ]
    },
    "label": "PREVENT"
  },
  {
    "doc_id": "content/VLSP2020_RE_train/23351115",
    "sent_id": 133,
    "sentence": "Vắc-xin ngừa virus HPV (Gardasil và Cervarix) làm giảm nguy cơ phát triển ung thư cổ tử cung.",
    "spos": [
      42341,
      42434
    ],
    "entity_1": {
      "text": "Vắc-xin ngừa virus HPV (Gardasil và Cervarix)",
      "pos": [
        0, 
        44
      ]
    },
    "entity_2": {
      "text": "ung thư cổ tử cung",
      "pos": [
        74,
        91
      ]
    },
    "label": "PREVENT"
  },
  {
    "doc_id": "content/VLSP2020_RE_train/23351115",
    "sent_id": 134,
    "sentence": "Vắc-xin ngừa viêm gan B giúp ngăn ngừa nhiễm virus viêm gan B và do vậy giúp làm giảm nguy cơ ung thư gan.",
    "spos": [
      42435,
      42541
    ],
    "entity_1": {
      "text": "Vắc-xin ngừa viêm gan B",
      "pos": [
        0, 
        22
      ]
    },
    "entity_2": {
      "text": "virus viêm gan B",
      "pos": [
        45,
        60
      ]
    },
    "label": "PREVENT"
  },
  {
    "doc_id": "content/VLSP2020_RE_train/23351115",
    "sent_id": 135,
    "sentence": "Vắc-xin ngừa viêm gan B giúp ngăn ngừa nhiễm virus viêm gan B và do vậy giúp làm giảm nguy cơ ung thư gan.",
    "spos": [
      42435,
      42541
    ],
    "entity_1": {
      "text": "Vắc-xin ngừa viêm gan B",
      "pos": [
        0, 
        22
      ]
    },
    "entity_2": {
      "text": "virus viêm gan B",
      "pos": [
        45,
        60
      ]
    },
    "label": "PREVENT"
  },
  {
    "doc_id": "content/VLSP2020_RE_train/23351115",
    "sent_id": 136,
    "sentence": "Tầm soát ung thư khác với các loại chẩn đoán sử dụng triệu chứng và dấu hiệu y khoa làm manh mối, tầm soát ung thư phát hiện ung thư sau khi nó đã hình thành, nhưng trước khi có bất kỳ triệu chứng đáng chú ý nào xuất hiện.",
    "spos": [
      42630,
      42853
    ],
    "entity_1": {
      "text": "Tầm soát ung thư",
      "pos": [
        98, 
        113
      ]
    },
    "entity_2": {
      "text": "ung thư",
      "pos": [
        125,
        131
      ]
    },
    "label": "DIAGNOSE"
  },

  {
    "doc_id": "content/VLSP2020_RE_train/23351115",
    "sent_id": 140,
    "sentence": "Các liệu pháp điều trị đích đầu tiên đã chặn phân tử thụ thể estrogen, ức chế sự phát triển của ung thư vú.",
    "spos": [
      47525,
      47632
    ],
    "entity_1": {
      "text": "điều trị đích",
      "pos": [
        14, 
        26
      ]
    },
    "entity_2": {
      "text": "ung thư vú",
      "pos": [
        96,
        105
      ]
    },
    "label": "TREAT"
  },
  {
    "doc_id": "content/VLSP2020_RE_train/23351115",
    "sent_id": 141,
    "sentence": "Một ví dụ phổ biến khác là nhóm chất ức chế Bcr-Abl, được sử dụng để điều trị ung thư bạch cầu nguyên bào tủy mãn tính (CML).",
    "spos": [
      47633,
      47758
    ],
    "entity_1": {
      "text": "chất ức chế Bcr-Abl",
      "pos": [
        32, 
        50
      ]
    },
    "entity_2": {
      "text": "ung thư bạch cầu nguyên bào tủy mãn tính (CML)",
      "pos": [
        78,
        123
      ]
    },
    "label": "TREAT"
  },
  {
    "doc_id": "content/VLSP2020_RE_train/23351115",
    "sent_id": 142,
    "sentence": "Phẫu thuật là phương pháp điều trị chủ yếu đối với hầu hết các khối u rắn, cô lập và có thể đóng một vai trò trong việc giảm nhẹ và kéo dài thời gian sống.",
    "spos": [
      50162,
      50329
    ],
    "entity_1": {
      "text": "Phẫu thuật",
      "pos": [
        0, 
        9
      ]
    },
    "entity_2": {
      "text": "khối u rắn",
      "pos": [
        63,
        72
      ]
    },
    "label": "TREAT"
  },
  {
    "doc_id": "content/VLSP2020_RE_train/23351115",
    "sent_id": 143,
    "sentence": "Một trong số các cách để đối phó với ung thư là liệu pháp miễn dịch, tức kích thích hoặc giúp hệ thống miễn dịch chống lại ung thư.",
    "spos": [
      52589,
      52720
    ],
    "entity_1": {
      "text": "liệu pháp miễn dịch",
      "pos": [
        48, 
        66
      ]
    },
    "entity_2": {
      "text": "ung thư",
      "pos": [
        123,
        129
      ]
    },
    "label": "TREAT"
  },
  {
    "doc_id": "content/VLSP2020_RE_train/23351115",
    "sent_id": 144,
    "sentence": "Liệu pháp laser sử dụng ánh sáng cường độ cao để điều trị ung thư bằng cách thu nhỏ hoặc tiêu diệt các khối u hoặc những mô có dấu hiệu ung thư.",
    "spos": [
      52886,
      53047
    ],
    "entity_1": {
      "text": "Liệu pháp laser",
      "pos": [
        0, 
        14
      ]
    },
    "entity_2": {
      "text": "ung thư",
      "pos": [
        58,
        64
      ]
    },
    "label": "TREAT"
  },
  {
    "doc_id": "content/VLSP2020_RE_train/23351115",
    "sent_id": 145,
    "sentence": "Phương pháp nhiệt trị liệu mô kẽ bằng laser (LITT, thường được gọi là đốt khối u bằng laser), hoặc phương pháp quang đông bằng laser đều sử dụng loại tia năng lượng cao này để điều trị một số bệnh ung thư bằng cách làm tăng nhiệt, và nhiệt này sẽ thu nhỏ khối u nhờ làm tổn thương hoặc tiêu diệt tế bào ung thư.",
    "spos": [
      53507,
      53820
    ],
    "entity_1": {
      "text": "Phương pháp nhiệt trị liệu mô kẽ bằng laser (LITT, thường được gọi là đốt khối u bằng laser)",
      "pos": [
        0, 
        91
      ]
    },
    "entity_2": {
      "text": "ung thư",
      "pos": [
        197,
        203
      ]
    },
    "label": "TREAT"
  },
  {
    "doc_id": "content/VLSP2020_RE_train/23351115",
    "sent_id": 146,
    "sentence": "Phương pháp nhiệt trị liệu mô kẽ bằng laser (LITT, thường được gọi là đốt khối u bằng laser), hoặc phương pháp quang đông bằng laser đều sử dụng loại tia năng lượng cao này để điều trị một số bệnh ung thư bằng cách làm tăng nhiệt, và nhiệt này sẽ thu nhỏ khối u nhờ làm tổn thương hoặc tiêu diệt tế bào ung thư.",
    "spos": [
      53507,
      53820
    ],
    "entity_1": {
      "text": "Phương pháp nhiệt trị liệu mô kẽ bằng laser (LITT, thường được gọi là đốt khối u bằng laser)",
      "pos": [
        0, 
        91
      ]
    },
    "entity_2": {
      "text": "ung thư",
      "pos": [
        197,
        203
      ]
    },
    "label": "TREAT"
  },
  {
    "doc_id": "content/VLSP2020_RE_train/23351115",
    "sent_id": 147,
    "sentence": "Những người dùng thuốc làm loãng máu cũng làm tăng nguy cơ chảy máu.",
    "spos": [
      57380,
      57448
    ],
    "entity_1": {
      "text": "thuốc làm loãng máu",
      "pos": [
        17, 
        35
      ]
    },
    "entity_2": {
      "text": "chảy máu",
      "pos": [
        59,
        66
      ]
    },
    "label": "CAUSE"
  },
  {
    "doc_id": "content/VLSP2020_RE_train/23351115",
    "sent_id": 148,
    "sentence": "Các nghiên cứu khám nghiệm tử thi ở châu Âu và châu Á cho thấy rằng có tới 36% số người bị ung thư tuyến giáp không được chẩn đoán và dường như căn bệnh này vô hại tại thời điểm họ qua đời.",
    "spos": [
      59375,
      59564
    ],
    "entity_1": {
      "text": "tuyến giáp",
      "pos": [
        99, 
        108
      ]
    },
    "entity_2": {
      "text": "ung thư tuyến giáp",
      "pos": [
        91,
        108
      ]
    },
    "label": "LOCATION_OF"
  },
  {
    "doc_id": "content/VLSP2020_RE_train/23351115",
    "sent_id": 149,
    "sentence": "Bên cạnh đó, nghiên cứu cũng chỉ ra là khoảng 80% nam giới hình thành ung thư tuyến tiền liệt ở tuổi 80.",
    "spos": [
      59565,
      59669
    ],
    "entity_1": {
      "text": "tuyến tiền liệt",
      "pos": [
        78, 
        92
      ]
    },
    "entity_2": {
      "text": "ung thư tuyến tiền liệt",
      "pos": [
        70,
        92
      ]
    },
    "label": "LOCATION_OF"
  },
  {
    "doc_id": "content/VLSP2020_RE_train/23351115",
    "sent_id": 150,
    "sentence": "Ba loại ung thư ở trẻ em phổ biến nhất là bệnh bạch cầu (34%), u não (23%) và lymphoma (12%).",
    "spos": [
      59840,
      59933
    ],
    "entity_1": {
      "text": "bạch cầu",
      "pos": [
        47, 
        54
      ]
    },
    "entity_2": {
      "text": "bệnh bạch cầu",
      "pos": [
        42,
        54
      ]
    },
    "label": "LOCATION_OF"
  },
  {
    "doc_id": "content/VLSP2020_RE_train/23351115",
    "sent_id": 151,
    "sentence": "Các loại ung thư phổ biến nhất của Việt Nam trong cùng năm là ung thư gan (26.418 ca, chiếm 14,5% tổng số ca mắc mới), ung thư phổi (26.262 ca, chiếm 14,4%), ung thư vú (21.555 ca, chiếm 11,8%) và ung thư dạ dày (17.906 ca, chiếm 9,8%).",
    "spos": [
      60446,
      60682
    ],
    "entity_1": {
      "text": "gan",
      "pos": [
        70, 
        72
      ]
    },
    "entity_2": {
      "text": "ung thư gan",
      "pos": [
        62,
        72
      ]
    },
    "label": "LOCATION_OF"
  },
  {
    "doc_id": "content/VLSP2020_RE_train/23351115",
    "sent_id": 152,
    "sentence": "Các loại ung thư phổ biến nhất của Việt Nam trong cùng năm là ung thư gan (26.418 ca, chiếm 14,5% tổng số ca mắc mới), ung thư phổi (26.262 ca, chiếm 14,4%), ung thư vú (21.555 ca, chiếm 11,8%) và ung thư dạ dày (17.906 ca, chiếm 9,8%).",
    "spos": [
      60446,
      60682
    ],
    "entity_1": {
      "text": "phổi",
      "pos": [
        127, 
        130
      ]
    },
    "entity_2": {
      "text": "ung thư phổi",
      "pos": [
        119,
        130
      ]
    },
    "label": "LOCATION_OF"
  },
  {
    "doc_id": "content/VLSP2020_RE_train/23351115",
    "sent_id": 153,
    "sentence": "Các loại ung thư phổ biến nhất của Việt Nam trong cùng năm là ung thư gan (26.418 ca, chiếm 14,5% tổng số ca mắc mới), ung thư phổi (26.262 ca, chiếm 14,4%), ung thư vú (21.555 ca, chiếm 11,8%) và ung thư dạ dày (17.906 ca, chiếm 9,8%).",
    "spos": [
      60446,
      60682
    ],
    "entity_1": {
      "text": "vú",
      "pos": [
        166, 
        167
      ]
    },
    "entity_2": {
      "text": "ung thư vú",
      "pos": [
        158,
        167
      ]
    },
    "label": "LOCATION_OF"
  },
  {
    "doc_id": "content/VLSP2020_RE_train/23351115",
    "sent_id": 154,
    "sentence": "Các loại ung thư phổ biến nhất của Việt Nam trong cùng năm là ung thư gan (26.418 ca, chiếm 14,5% tổng số ca mắc mới), ung thư phổi (26.262 ca, chiếm 14,4%), ung thư vú (21.555 ca, chiếm 11,8%) và ung thư dạ dày (17.906 ca, chiếm 9,8%).",
    "spos": [
      60446,
      60682
    ],
    "entity_1": {
      "text": "dạ dày",
      "pos": [
        205, 
        210
      ]
    },
    "entity_2": {
      "text": "ung thư dạ dày",
      "pos": [
        197,
        210
      ]
    },
    "label": "LOCATION_OF"
  },
  {
    "doc_id": "content/VLSP2020_RE_train/23351115",
    "sent_id": 155,
    "sentence": "Bác sĩ John Hill đã mô tả việc hít thuốc lá là nguyên nhân gây ra bệnh ung thư mũi vào năm 1761.",
    "spos": [
      63106,
      63199
    ],
    "entity_1": {
      "text": "mũi",
      "pos": [
        79, 
        81
      ]
    },
    "entity_2": {
      "text": "ung thư mũi",
      "pos": [
        71,
        81
      ]
    },
    "label": "LOCATION_OF"
  },
  {
    "doc_id": "content/VLSP2020_RE_train/23351115",
    "sent_id": 156,
    "sentence": "Tiếp theo là báo cáo vào năm 1775 của bác sĩ phẫu thuật người Anh Percivall Pott về carcinoma ở những người quét ống khói, một loại ung thư tại bìu, là một loại bệnh phổ biến ở những người thợ quét ống khói.",
    "spos": [
      63200,
      63407
    ],
    "entity_1": {
      "text": "bìu",
      "pos": [
        144, 
        146
      ]
    },
    "entity_2": {
      "text": "ung thư tại bìu",
      "pos": [
        132,
        146
      ]
    },
    "label": "LOCATION_OF"
  },
  {
    "doc_id": "content/VLSP2020_RE_train/23351115",
    "sent_id": 157,
    "sentence": "Các bệnh ung thư phổ biến nhất được phát hiện trong thời kỳ mang thai cũng giống như các bệnh ung thư phổ biến nhất được tìm thấy ở phụ nữ không mang thai trong độ tuổi sinh đẻ: ung thư vú, ung thư cổ tử cung, ung thư bạch cầu, ung thư hạch, u ác tính, ung thư buồng trứng và ung thư đại trực tràng.",
    "spos": [
      76293,
      76586
    ],
    "entity_1": {
      "text": "vú",
      "pos": [
        186, 
        187
      ]
    },
    "entity_2": {
      "text": "ung thư vú",
      "pos": [
        178,
        187
      ]
    },
    "label": "LOCATION_OF"
  },
  {
    "doc_id": "content/VLSP2020_RE_train/23351115",
    "sent_id": 158,
    "sentence": "Các bệnh ung thư phổ biến nhất được phát hiện trong thời kỳ mang thai cũng giống như các bệnh ung thư phổ biến nhất được tìm thấy ở phụ nữ không mang thai trong độ tuổi sinh đẻ: ung thư vú, ung thư cổ tử cung, ung thư bạch cầu, ung thư hạch, u ác tính, ung thư buồng trứng và ung thư đại trực tràng.",
    "spos": [
      76293,
      76586
    ],
    "entity_1": {
      "text": "cổ tử cung",
      "pos": [
        198, 
        207
      ]
    },
    "entity_2": {
      "text": "ung thư cổ tử cung",
      "pos": [
        190,
        207
      ]
    },
    "label": "LOCATION_OF"
  },
  {
    "doc_id": "content/VLSP2020_RE_train/23351115",
    "sent_id": 159,
    "sentence": "Các bệnh ung thư phổ biến nhất được phát hiện trong thời kỳ mang thai cũng giống như các bệnh ung thư phổ biến nhất được tìm thấy ở phụ nữ không mang thai trong độ tuổi sinh đẻ: ung thư vú, ung thư cổ tử cung, ung thư bạch cầu, ung thư hạch, u ác tính, ung thư buồng trứng và ung thư đại trực tràng.",
    "spos": [
      76293,
      76586
    ],
    "entity_1": {
      "text": "bạch cầu",
      "pos": [
        218, 
        225
      ]
    },
    "entity_2": {
      "text": "ung thư bạch cầu",
      "pos": [
        210,
        225
      ]
    },
    "label": "LOCATION_OF"
  },
  {
    "doc_id": "content/VLSP2020_RE_train/23351115",
    "sent_id": 160,
    "sentence": "Các bệnh ung thư phổ biến nhất được phát hiện trong thời kỳ mang thai cũng giống như các bệnh ung thư phổ biến nhất được tìm thấy ở phụ nữ không mang thai trong độ tuổi sinh đẻ: ung thư vú, ung thư cổ tử cung, ung thư bạch cầu, ung thư hạch, u ác tính, ung thư buồng trứng và ung thư đại trực tràng.",
    "spos": [
      76293,
      76586
    ],
    "entity_1": {
      "text": "hạch",
      "pos": [
        236, 
        239
      ]
    },
    "entity_2": {
      "text": "ung thư hạch",
      "pos": [
        228,
        239
      ]
    },
    "label": "LOCATION_OF"
  },
  {
    "doc_id": "content/VLSP2020_RE_train/23351115",
    "sent_id": 161,
    "sentence": "Các bệnh ung thư phổ biến nhất được phát hiện trong thời kỳ mang thai cũng giống như các bệnh ung thư phổ biến nhất được tìm thấy ở phụ nữ không mang thai trong độ tuổi sinh đẻ: ung thư vú, ung thư cổ tử cung, ung thư bạch cầu, ung thư hạch, u ác tính, ung thư buồng trứng và ung thư đại trực tràng.",
    "spos": [
      76293,
      76586
    ],
    "entity_1": {
      "text": "buồng trứng",
      "pos": [
        261, 
        271
      ]
    },
    "entity_2": {
      "text": "ung thư buồng trứng",
      "pos": [
        253,
        271
      ]
    },
    "label": "LOCATION_OF"
  },
  {
    "doc_id": "content/VLSP2020_RE_train/23351115",
    "sent_id": 162,
    "sentence": "Các bệnh ung thư phổ biến nhất được phát hiện trong thời kỳ mang thai cũng giống như các bệnh ung thư phổ biến nhất được tìm thấy ở phụ nữ không mang thai trong độ tuổi sinh đẻ: ung thư vú, ung thư cổ tử cung, ung thư bạch cầu, ung thư hạch, u ác tính, ung thư buồng trứng và ung thư đại trực tràng.",
    "spos": [
      76293,
      76586
    ],
    "entity_1": {
      "text": "đại trực tràng",
      "pos": [
        284, 
        297
      ]
    },
    "entity_2": {
      "text": "ung thư đại trực tràng.",
      "pos": [
        276,
        297
      ]
    },
    "label": "LOCATION_OF"
  },
  {
    "doc_id": "content/VLSP2020_RE_train/23351115",
    "sent_id": 163,
    "sentence": "Không phải tất cả các khối u đều là ung thư, có một số khối u thuộc vào nhóm lành tính, tức là khối u không xâm lấn các bộ phận khác của cơ thể.",
    "spos": [
      285,
      429
    ],
    "entity_1": {
      "text": "khối u",
      "pos": [
        22, 
        27
      ]
    },
    "entity_2": {
      "text": "ung thư",
      "pos": [
        36,
        42
      ]
    },
    "label": "OTHERS"
  },
  {
    "doc_id": "content/VLSP2020_RE_train/23351115",
    "sent_id": 164,
    "sentence": "Một số dấu hiệu và triệu chứng của khối u ác tính bao gồm chảy máu bất thường, ho kéo dài không rõ nguyên nhân, sụt cân và những bất thường trong đại tiểu tiện.",
    "spos": [
      430,
      590
    ],
    "entity_1": {
      "text": "khối u ác tính",
      "pos": [
        35, 
        48
      ]
    },
    "entity_2": {
      "text": "chảy máu bất thường",
      "pos": [
        58,
        76
      ]
    },
    "label": "OTHERS"
  },
  {
    "doc_id": "content/VLSP2020_RE_train/23351115",
    "sent_id": 165,
    "sentence": "Một số dấu hiệu và triệu chứng của khối u ác tính bao gồm chảy máu bất thường, ho kéo dài không rõ nguyên nhân, sụt cân và những bất thường trong đại tiểu tiện.",
    "spos": [
      430,
      590
    ],
    "entity_1": {
      "text": "khối u ác tính",
      "pos": [
        35, 
        48
      ]
    },
    "entity_2": {
      "text": "ho kéo dài",
      "pos": [
        79,
        88
      ]
    },
    "label": "OTHERS"
  },
  {
    "doc_id": "content/VLSP2020_RE_train/23351115",
    "sent_id": 166,
    "sentence": "Một số dấu hiệu và triệu chứng của khối u ác tính bao gồm chảy máu bất thường, ho kéo dài không rõ nguyên nhân, sụt cân và những bất thường trong đại tiểu tiện.",
    "spos": [
      430,
      590
    ],
    "entity_1": {
      "text": "khối u ác tính",
      "pos": [
        35, 
        48
      ]
    },
    "entity_2": {
      "text": "sụt cân",
      "pos": [
        112,
        118
      ]
    },
    "label": "OTHERS"
  },
  {
    "doc_id": "content/VLSP2020_RE_train/23351115",
    "sent_id": 167,
    "sentence": "Một số dấu hiệu và triệu chứng của khối u ác tính bao gồm chảy máu bất thường, ho kéo dài không rõ nguyên nhân, sụt cân và những bất thường trong đại tiểu tiện.",
    "spos": [
      430,
      590
    ],
    "entity_1": {
      "text": "khối u ác tính",
      "pos": [
        35, 
        48
      ]
    },
    "entity_2": {
      "text": "sụt cân và những bất thường trong đại tiểu tiện",
      "pos": [
        129,
        158
      ]
    },
    "label": "OTHERS"
  },
  {
    "doc_id": "content/VLSP2020_RE_train/23351115",
    "sent_id": 168,
    "sentence": "Ngoài ra còn có thêm 10% khác là do béo phì, kém ăn, lười vận động và sử dụng thức uống có cồn quá mức.",
    "spos": [
      841,
      944
    ],
    "entity_1": {
      "text": "béo phì",
      "pos": [
        36, 
        42
      ]
    },
    "entity_2": {
      "text": "kém ăn",
      "pos": [
        45,
        50
      ]
    },
    "label": "OTHERS"
  },
  {
    "doc_id": "content/VLSP2020_RE_train/23351115",
    "sent_id": 169,
    "sentence": "Một số nguyên nhân khác của ung thư bao gồm một số dạng phơi nhiễm, tiếp xúc với bức xạ và ô nhiễm môi trường.",
    "spos": [
      945,
      1055
    ],
    "entity_1": {
      "text": "ung thư",
      "pos": [
        28, 
        34
      ]
    },
    "entity_2": {
      "text": "phơi nhiễm",
      "pos": [
        56,
        65
      ]
    },
    "label": "OTHERS"
  },
  {
    "doc_id": "content/VLSP2020_RE_train/23351115",
    "sent_id": 170,
    "sentence": "Thông thường, tế bào cần tích lũy một lượng không nhỏ những biến đổi về gen trước khi phát triển thành ung thư.",
    "spos": [
      1349,
      1460
    ],
    "entity_1": {
      "text": "tế bào",
      "pos": [
        14, 
        19
      ]
    },
    "entity_2": {
      "text": "ung thư",
      "pos": [
        103,
        109
      ]
    },
    "label": "OTHERS"
  },
  {
    "doc_id": "content/VLSP2020_RE_train/23351115",
    "sent_id": 171,
    "sentence": "Cũng có khoảng 5-10% bệnh ung thư là do di truyền các khuyết tật về gen từ trong gia đình.",
    "spos": [
      1461,
      1551
    ],
    "entity_1": {
      "text": "ung thư",
      "pos": [
        26, 
        32
      ]
    },
    "entity_2": {
      "text": "khuyết tật về gen",
      "pos": [
        54,
        70
      ]
    },
    "label": "OTHERS"
  },
  
  {
    "doc_id": "content/VLSP2020_RE_train/23351115",
    "sent_id": 174,
    "sentence": "Khối u là một nhóm tế bào bị phân chia mất kiểm soát và thường sẽ tạo thành một khối hoặc u bướu rõ ràng, nhưng đôi khi khối u cũng có thể được phân bố đều (không tạo nên bướu rõ ràng).Tất cả các tế bào khối u cho thấy sáu đặc trưng của ung thư.",
    "spos": [
      4175,
      4420
    ],
    "entity_1": {
      "text": "Khối u",
      "pos": [
        0, 
        5
      ]
    },
    "entity_2": {
      "text": "ung thư",
      "pos": [
        237,
        243
      ]
    },
    "label": "OTHERS"
  },
  {
    "doc_id": "content/VLSP2020_RE_train/23351115",
    "sent_id": 175,
    "sentence": "Các dấu hiệu và triệu chứng bắt đầu xuất hiện khi khối u lớn dần hoặc bị loét.",
    "spos": [
      5025,
      5103
    ],
    "entity_1": {
      "text": "Khối u",
      "pos": [
        50, 
        55
      ]
    },
    "entity_2": {
      "text": "loét",
      "pos": [
        73,
        76
      ]
    },
    "label": "OTHERS"
  },
  {
    "doc_id": "content/VLSP2020_RE_train/23351115",
    "sent_id": 176,
    "sentence": "Bệnh nhân có thể trở nên lo lắng hoặc trầm cảm sau khi chẩn đoán ung thư.",
    "spos": [
      5419,
      5492
    ],
    "entity_1": {
      "text": "trầm cảm",
      "pos": [
        38, 
        45
      ]
    },
    "entity_2": {
      "text": "ung thư",
      "pos": [
        65,
        71
      ]
    },
    "label": "OTHERS"
  },
  {
    "doc_id": "content/VLSP2020_RE_train/23351115",
    "sent_id": 177,
    "sentence": "Các triệu chứng cục bộ có thể xuất hiện do khối u hoặc sự loét của nó.",
    "spos": [
      5603,
      5673
    ],
    "entity_1": {
      "text": "khối u",
      "pos": [
        43, 
        48
      ]
    },
    "entity_2": {
      "text": "loét",
      "pos": [
        58,
        61
      ]
    },
    "label": "OTHERS"
  },
  {
    "doc_id": "content/VLSP2020_RE_train/23351115",
    "sent_id": 178,
    "sentence": "Đau cục bộ có thể xuất hiện ở ung thư giai đoạn sau, khối u ban đầu thường sẽ không đau.",
    "spos": [
      6256,
      6344
    ],
    "entity_1": {
      "text": "Đau cục bộ",
      "pos": [
        0, 
        9
      ]
    },
    "entity_2": {
      "text": "khối u",
      "pos": [
        53,
        58
      ]
    },
    "label": "OTHERS"
  },
  {
    "doc_id": "content/VLSP2020_RE_train/23351115",
    "sent_id": 179,
    "sentence": "Một số ví dụ có thể kể đến như mệt mỏi, giảm cân không chủ ý hoặc xuất hiện những thay đổi trên da.",
    "spos": [
      6510,
      6609
    ],
    "entity_1": {
      "text": "mệt mỏi",
      "pos": [
        31, 
        37
      ]
    },
    "entity_2": {
      "text": "giảm cân không chủ ý",
      "pos": [
        40,
        59
      ]
    },
    "label": "OTHERS"
  },
  {
    "doc_id": "content/VLSP2020_RE_train/23351115",
    "sent_id": 184,
    "sentence": "Các hội chứng cận ung thư phổ biến bao gồm tăng calci huyết dẫn đến trạng thái tinh thần thay đổi, táo bón và mất nước, hoặc hạ natri huyết cũng có thể khiến tâm trạng thay đổi, nôn mửa, đau đầu hoặc co giật.",
    "spos": [
      7011,
      7219
    ],
    "entity_1": {
      "text": "nôn mửa",
      "pos": [
        178, 
        184
      ]
    },
    "entity_2": {
      "text": "đau đầu",
      "pos": [
        187,
        193
      ]
    },
    "label": "OTHERS"
  },
  {
    "doc_id": "content/VLSP2020_RE_train/23351115",
    "sent_id": 185,
    "sentence": "Chế độ dinh dưỡng, lười vận động và béo phì có liên quan đến 30–35% trường hợp tử vong do ung thư.",
    "spos": [
      10783,
      10913
    ],
    "entity_1": {
      "text": "béo phì",
      "pos": [
        36, 
        42
      ]
    },
    "entity_2": {
      "text": "ung thư",
      "pos": [
        90,
        96
      ]
    },
    "label": "OTHERS"
  },
  {
    "doc_id": "content/VLSP2020_RE_train/23351115",
    "sent_id": 186,
    "sentence": "Trên phạm vi toàn cầu, khoảng 18% số ca tử vong do ung thư là có liên quan đến các bệnh truyền nhiễm.",
    "spos": [
      12193,
      12294
    ],
    "entity_1": {
      "text": "ung thư",
      "pos": [
        51, 
        57
      ]
    },
    "entity_2": {
      "text": "bệnh truyền nhiễm",
      "pos": [
        83,
        99
      ]
    },
    "label": "OTHERS"
  },
  {
    "doc_id": "content/VLSP2020_RE_train/23351115",
    "sent_id": 187,
    "sentence": "Viêm mãn tính được giả thuyết là trực tiếp gây ra đột biến.",
    "spos": [
      18789,
      18848
    ],
    "entity_1": {
      "text": "Viêm mãn tính",
      "pos": [
        0, 
        12
      ]
    },
    "entity_2": {
      "text": "đột biến",
      "pos": [
        50,
        57
      ]
    },
    "label": "OTHERS"
  },
  {
    "doc_id": "content/VLSP2020_RE_train/23351115",
    "sent_id": 188,
    "sentence": "Các gen sinh ung thư cũng có khả năng dựng nên một vi môi trường viêm để tạo tiền đề cho khối u phát triển.",
    "spos": [
      18998,
      19105
    ],
    "entity_1": {
      "text": "ung thư",
      "pos": [
        13, 
        19
      ]
    },
    "entity_2": {
      "text": "khối u",
      "pos": [
        89,
        94
      ]
    },
    "label": "OTHERS"
  },
  {
    "doc_id": "content/VLSP2020_RE_train/23351115",
    "sent_id": 189,
    "sentence": "Các gen sinh ung thư cũng có khả năng dựng nên một vi môi trường viêm để tạo tiền đề cho khối u phát triển.",
    "spos": [
      18998,
      19105
    ],
    "entity_1": {
      "text": "ung thư",
      "pos": [
        13, 
        19
      ]
    },
    "entity_2": {
      "text": "viêm",
      "pos": [
        65,
        68
      ]
    },
    "label": "OTHERS"
  },
  {
    "doc_id": "content/VLSP2020_RE_train/23351115",
    "sent_id": 190,
    "sentence": "Những biến đổi như vậy đều điều chỉnh sự biểu hiện gen mà không làm thay đổi trình tự DNA cơ bản.",
    "spos": [
      27552,
      27649
    ],
    "entity_1": {
      "text": "gen",
      "pos": [
        51, 
        53
      ]
    },
    "entity_2": {
      "text": "DNA",
      "pos": [
        86,
        88
      ]
    },
    "label": "OTHERS"
  },
  {
    "doc_id": "content/VLSP2020_RE_train/23351115",
    "sent_id": 191,
    "sentence": "Những biến đổi biểu sinh xuất hiện thường xuyên trong các bệnh ung thư.",
    "spos": [
      27833,
      27904
    ],
    "entity_1": {
      "text": "biến đổi biểu sinh",
      "pos": [
        6, 
        23
      ]
    },
    "entity_2": {
      "text": "ung thư",
      "pos": [
        63,
        69
      ]
    },
    "label": "OTHERS"
  },
  {
    "doc_id": "content/VLSP2020_RE_train/23351115",
    "sent_id": 192,
    "sentence": "Sự ức chế sửa chữa DNA được đề xuất là một cơ chế chủ yếu gây nên ung thư do kim loại nặng.",
    "spos": [
      30714,
      30805
    ],
    "entity_1": {
      "text": "ức chế sửa chữa DNA",
      "pos": [
        3, 
        21
      ]
    },
    "entity_2": {
      "text": "ung thư",
      "pos": [
        66,
        72
      ]
    },
    "label": "OTHERS"
  },
  {
    "doc_id": "content/VLSP2020_RE_train/23351115",
    "sent_id": 193,
    "sentence": "Ung thư thường phát sinh từ một tập hợp các đột biến và biểu hiện tạo ra lợi thế chọn lọc dẫn đến sự mở rộng dòng.",
    "spos": [
      31043,
      31157
    ],
    "entity_1": {
      "text": "Ung thư",
      "pos": [
        0, 
        6
      ]
    },
    "entity_2": {
      "text": "đột biến",
      "pos": [
        44,
        51
      ]
    },
    "label": "OTHERS"
  },
  {
    "doc_id": "content/VLSP2020_RE_train/23351115",
    "sent_id": 194,
    "sentence": "Tuy nhiên, các đột biến có thể không thường hiện diện ở các bệnh ung thư như các thay đổi biểu sinh.",
    "spos": [
      31158,
      31258
    ],
    "entity_1": {
      "text": "đột biến",
      "pos": [
        15, 
        22
      ]
    },
    "entity_2": {
      "text": "ung thư",
      "pos": [
        65,
        71
      ]
    },
    "label": "OTHERS"
  },
  {
    "doc_id": "content/VLSP2020_RE_train/23351115",
    "sent_id": 195,
    "sentence": "Hầu như tất cả các bệnh ung thư đều có thể di căn.",
    "spos": [
      31790,
      31840
    ],
    "entity_1": {
      "text": "ung thư",
      "pos": [
        24, 
        30
      ]
    },
    "entity_2": {
      "text": "di căn",
      "pos": [
        43,
        48
      ]
    },
    "label": "OTHERS"
  },
  {
    "doc_id": "content/VLSP2020_RE_train/23351115",
    "sent_id": 196,
    "sentence": "Các loại ung thư khác nhau có xu hướng di căn đến các cơ quan khác nhau, nhưng nhìn chung, những nơi phổ biến nhất để di căn xảy ra là phổi, gan, não và xương.",
    "spos": [
      32274,
      32433
    ],
    "entity_1": {
      "text": "ung thư",
      "pos": [
        9, 
        15
      ]
    },
    "entity_2": {
      "text": "di căn",
      "pos": [
        118,
        123
      ]
    },
    "label": "OTHERS"
  },
  {
    "doc_id": "content/VLSP2020_RE_train/23351115",
    "sent_id": 197,
    "sentence": "Nồng độ vitamin D trong máu thấp có tương quan với việc tăng nguy cơ ung thư, nhưng những câu hỏi như: liệu giữa chúng có mối quan hệ nhân quả hay bổ sung vitamin D có tác dụng phòng ngừa hay không thì vẫn chưa có câu trả lời rõ ràng.",
    "spos": [
      41316,
      41550
    ],
    "entity_1": {
      "text": "vitamin D",
      "pos": [
        8, 
        16
      ]
    },
    "entity_2": {
      "text": "ung thư",
      "pos": [
        69,
        75
      ]
    },
    "label": "OTHERS"
  },
  {
    "doc_id": "content/VLSP2020_RE_train/23351115",
    "sent_id": 198,
    "sentence": "Sàng lọc hàng loạt hoặc tầm soát diện rộng sẽ thực hiện ở tất cả mọi người.",
    "spos": [
      43151,
      43226
    ],
    "entity_1": {
      "text": "Sàng lọc hàng loạt",
      "pos": [
        0, 
        17
      ]
    },
    "entity_2": {
      "text": "tầm soát diện rộng",
      "pos": [
        24,
        41
      ]
    },
    "label": "OTHERS"
  },
  {
    "doc_id": "content/VLSP2020_RE_train/23351115",
    "sent_id": 199,
    "sentence": "Một số các tổ chức không chính thức khuyến nghị xét nghiệm di truyền đối với những cá nhân có nguy cơ cao mắc một số bệnh ung thư.",
    "spos": [
      45497,
      45627
    ],
    "entity_1": {
      "text": "xét nghiệm di truyền",
      "pos": [
        48, 
        67
      ]
    },
    "entity_2": {
      "text": "ung thư",
      "pos": [
        122,
        128
      ]
    },
    "label": "OTHERS"
  },
  {
    "doc_id": "content/VLSP2020_RE_train/23351115",
    "sent_id": 200,
    "sentence": "Những người mang các đột biến này sau đó có thể được giám sát nâng cao, phòng ngừa bằng hóa chất hoặc phẫu thuật phòng ngừa để giảm nguy cơ về sau.",
    "spos": [
      45628,
      45775
    ],
    "entity_1": {
      "text": "đột biến",
      "pos": [
        21, 
        28
      ]
    },
    "entity_2": {
      "text": "phòng ngừa bằng hóa chất",
      "pos": [
        72,
        95
      ]
    },
    "label": "OTHERS"
  }]